,Gene_set,Term,Overlap,P-value,Adjusted P-value,Old P-value,Old Adjusted P-value,Odds Ratio,Combined Score,Genes
0,GO_Cellular_Component_2021,cell-substrate junction (GO:0030055),69/394,2.4902363050189423e-11,5.502970568244267e-09,0,0,2.7026115061409177,65.98712040792485,SCARB2;YWHAE;NRP1;ITGB5;CLTC;TNC;ALKBH6;RND3;GJA1;ALCAM;YWHAQ;BSG;CAPN5;RAC1;TNS4;JAK1;TNS1;MAP2K1;TLE2;TPM4;DST;AFAP1;RRAS2;ADAM10;SRCIN1;HCK;PALLD;PHLDB2;CD44;PLEC;AHNAK;FBLIM1;PXN;ARL2;LPP;EGFR;ADD1;SLC9A1;CNN3;DPP4;PDLIM1;EFS;EPB41L2;GNA12;CTNNA1;LPXN;PTK2B;FLNB;CD59;PIP5K1C;FLNC;CLASP1;MAP4K4;FZD1;SVIL;GSN;JUP;CAV2;RDX;L1CAM;CORO2B;PTK2;FES;EPPK1;FGFR3;LIMS2;SNTB1;LIMS1;SNTB2
1,GO_Cellular_Component_2021,focal adhesion (GO:0005925),68/387,2.9826398743871366e-11,5.502970568244267e-09,0,0,2.7125354556642414,65.73999820771768,SCARB2;YWHAE;NRP1;ITGB5;CLTC;TNC;ALKBH6;RND3;GJA1;ALCAM;YWHAQ;BSG;CAPN5;RAC1;TNS4;JAK1;TNS1;MAP2K1;TLE2;TPM4;DST;AFAP1;RRAS2;ADAM10;SRCIN1;HCK;PALLD;PHLDB2;CD44;PLEC;AHNAK;FBLIM1;PXN;ARL2;LPP;EGFR;ADD1;SLC9A1;CNN3;DPP4;PDLIM1;EFS;EPB41L2;GNA12;CTNNA1;LPXN;PTK2B;FLNB;CD59;PIP5K1C;FLNC;CLASP1;MAP4K4;FZD1;SVIL;GSN;JUP;CAV2;RDX;L1CAM;CORO2B;PTK2;FES;FGFR3;LIMS2;SNTB1;LIMS1;SNTB2
2,GO_Cellular_Component_2021,cytoskeleton (GO:0005856),90/600,1.5145904457788663e-10,1.862946248308005e-08,0,0,2.256741502571178,51.0265183174696,CLIC5;MTCL1;SLC4A1;FMN2;LSP1;WASL;PPP1R9A;RND2;ARHGAP6;RND3;MYLK;AKAP13;NUDCD2;SIPA1L1;ARHGDIA;RAC1;CDK5RAP2;TMOD1;TPM4;DST;RIPK2;PRKCE;TMOD3;CEP131;AFAP1;NAV1;SRCIN1;DNM1;CTTNBP2NL;FGR;CLIP1;FRMD5;ARC;THAP6;PALLD;DGKQ;CDC42EP3;RARA;TNIK;MAPT;UTRN;PHLDB2;KANK3;PLEC;KANK1;AHNAK;ARL2;JAKMIP1;ADD1;CNN3;PDLIM1;ABLIM1;ABLIM2;ABLIM3;CALD1;EPB41L2;ARSJ;EPB41L3;ABL1;ABL2;FLNB;IGF2BP2;WASF1;PDLIM5;SPTBN1;MARK1;MPP2;SVIL;DMTN;GSN;MPP4;JUP;AUTS2;KLHL2;BAIAP2;CORO2B;SMARCA2;PTK2;TTC17;MYO1E;TPX2;MYO1B;MYO1C;DLG4;FES;MYO15A;CROCC;PKN2;EPPK1;MYO1G
3,GO_Cellular_Component_2021,actin cytoskeleton (GO:0015629),56/316,1.199692304081285e-09,1.1067161505149856e-07,0,0,2.726760262638125,56.01092988734156,CLIC5;SLC2A1;FMN2;WASL;LSP1;PPP1R9A;ARHGAP6;MYLK;AKAP13;PSTPIP1;SIPA1L1;RAC1;TMOD1;TPM4;AFAP1;SRCIN1;CTTNBP2NL;EEF1A1;FGR;HCK;ARC;PALLD;CDC42EP3;RARA;LANCL2;AHNAK;ASAP1;CNN3;ABLIM1;ABLIM2;ABLIM3;CALD1;ARSJ;ABL1;ABL2;LPXN;FLNB;GAS2L1;PDLIM5;WASF1;SVIL;DMTN;GSN;MPP4;AUTS2;RDX;KLHL2;BAIAP2;CORO2B;TTC17;MYO1E;MYO1B;MYO1C;MYO15A;CROCC;MYO1G
4,GO_Cellular_Component_2021,cell-cell junction (GO:0005911),47/271,5.06000778280688e-08,3.734285743711477e-06,0,0,2.645052339901478,44.43506142551768,PTPRU;NOTCH1;BMPR2;AHNAK;PXN;PRKCZ;RASIP1;CDH8;ADD1;CNN3;PDLIM1;IGSF21;GJA1;CCDC85B;EPB41L3;CDH22;CTNNA1;PDLIM5;JAM2;CD53;CXADR;CADM4;MPP4;KIRREL2;JUP;MAGI3;TMOD3;STARD10;MAGI2;GAB1;FRMD4A;FRMD4B;BAIAP2;MAPK15;RAP2C;MYO1E;FRMD5;DLG1;VANGL2;OBSCN;APC;NPHS1;CDH11;PKN2;LIMS2;LIMS1;TJP2
5,GO_Cellular_Component_2021,endoplasmic reticulum lumen (GO:0005788),45/285,1.479454803529611e-06,9.098647041707109e-05,0,0,2.35834194214876,31.65799761896621,APP;COL16A1;H6PD;COL14A1;PRKCSH;COL12A1;EBI3;COL11A2;PDGFB;TNC;PDGFA;PCSK9;TXNDC12;LAMC1;LTBP1;THBS1;CLN6;FSTL3;ADAMTSL1;LIPC;ADAMTSL4;ARSJ;STC2;PDGFC;APOB;WNT3;WNT4;COL27A1;ERAP2;COL25A1;WNT7B;ADAM10;PDIA6;IL6;VCAN;COL2A1;COL5A1;VGF;COL4A3;COL6A1;COL20A1;VWA1;COL9A3;NOTUM;GAS6
6,GO_Cellular_Component_2021,vesicle (GO:0031982),37/226,5.277685315233196e-06,0.0002782094116172928,0,0,2.4556715227948103,29.84137668702709,GPM6A;AHNAK;COL12A1;ITSN1;CLTC;ATP1A3;ATP1A2;ATP1A1;CLCN3;PRKCZ;EGFR;LFNG;DPP7;OLFML3;CD59;EPS8L2;CTSF;LZTS2;SLC30A7;RIPK2;SLC34A1;ANXA4;GAD1;SLC4A11;ATP1B1;MYO1E;ARC;MYO1B;PKM;MYO1C;VAPA;MYO15A;DGKQ;RIN3;LGR6;GPRC5C;MYO1G
7,GO_Cellular_Component_2021,actin-based cell projection (GO:0098858),19/83,9.063540381621816e-06,0.0004180558001023063,0,0,3.703706444519621,43.00466420815973,GPM6A;CXADR;RDX;STARD10;USH1C;PDGFA;ESPN;MYO1E;MYO1B;MYO1C;PODXL;MYO15A;RUFY3;UTRN;FGF13;CD44;CLRN1;PROM2;MYO1G
8,GO_Cellular_Component_2021,neuron projection (GO:0043005),70/556,1.2262427230572694e-05,0.0005027595164534804,0,0,1.8185291886919237,20.56569325272113,CHRM2;EPHB6;APP;NRP1;PTPRS;KCNC1;CHRM4;MAST1;STMN3;KNDC1;PPP1R9A;IGF1R;ALCAM;HTR7;OPA1;BSG;DIP2B;EPHB1;EPHB3;CXADR;UNC13A;SEMA6A;SLC32A1;MAGI2;RTN4RL2;SRCIN1;DNM1;SMO;PALLD;FEZ1;MAP1B;RUFY3;RIN3;SCN4A;MAPT;SHANK2;PAFAH1B1;RTN4R;CAMK2B;GPM6A;SEMA3A;HTT;ATP1A3;CRHR2;TRAK2;PGRMC1;MAP2;HRH2;ABL1;KCNN1;PTK2B;FYN;NPTX1;MARK1;FARP1;SKOR1;TGFB2;STAT1;DAB2IP;L1CAM;SLC4A8;DLG1;CDK5;DLG4;NF1;ADGRL1;RGS12;ATXN10;FGF13;CDK5R2
9,GO_Cellular_Component_2021,integral component of plasma membrane (GO:0005887),151/1454,1.8689138449843705e-05,0.0006896292087992325,0,0,1.4808665338531837,16.123035137208774,EPHB6;CHRM2;KCNG2;APP;CSF3R;VIPR2;CHRM4;SLC4A1;IL1RAP;HS6ST1;IGF1R;GJA1;HTR7;ALCAM;BSG;KDR;TNFSF10;ENPP1;SLC26A11;SLC16A2;EPHB1;EPHB3;KCNH2;RNF43;SEMA6C;CXADR;KIRREL2;SEMA6A;KCNK10;IL1R1;SLC34A1;ATP11A;ATP1B1;OBSCN;STIM1;CD8A;KCNQ2;TYRO3;KCNQ4;KCNQ5;RHCG;RTN4R;SEMA7A;SLC26A1;ITPR3;CACNA1C;SLC9A1;RASGRP3;CRHR2;GRIN2A;DPP6;EFNB3;FLRT3;GALR2;HRH2;NPC1L1;PODXL;ADGRG5;ADGRG6;SYNDIG1;KCNN1;PLXNA1;TRPM7;DRD1;PLXNA4;PROM2;TRPM4;NGFR;ST14;PTPRN2;CAV2;SLC52A2;SLC16A12;TRPV3;IL6;CALY;PLXNB1;BMPR1B;SLC22A7;FGFR3;FGFR1;DDR1;PTPRU;PTPRS;BMPR2;KCNC1;KCNK9;FLT4;SLC2A1;ABCC11;PTPRF;PHEX;SGCE;GRM4;CD53;SLC13A2;GPR37;KCND3;COL25A1;KCNAB2;ANO1;PLSCR1;SLCO4A1;SCN4A;GPRC5C;MET;CD44;RAMP3;SEMA3A;SLC43A1;ADCY4;NOXO1;ATP1A3;ATP1A2;ADCY1;SEMA3F;ATP1A1;KCNA7;CLCN3;ADCY7;EGFR;TSPAN32;TSPAN31;PROKR1;PGRMC1;P2RY2;ERBB2;BSND;KISS1R;JAM2;CACNG4;BCAP31;KCNJ5;GABBR2;SEMA4A;GABBR1;SLC16A1;KCNIP1;TIE1;ECEL1;ATP2B2;ACVR2A;DCBLD2;ADGRD1;CD6;NPHS1;P2RX3;ADGRL1;LGR6;KCNK1;SIGLEC7
10,GO_Cellular_Component_2021,cell-cell contact zone (GO:0044291),13/47,2.776936742094585e-05,0.0009315360525753656,0,0,4.758542096083716,49.92461098072579,CADM4;AHNAK;JUP;AKAP6;ATP1B1;RAP2C;GJA1;DLG1;PIK3CA;FGF13;OBSL1;JAM2;TJP2
11,GO_Cellular_Component_2021,adherens junction (GO:0005912),24/132,4.1316429113490417e-05,0.0012704801952398,0,0,2.77513766312137,28.012934293238864,CXADR;NOTCH1;BMPR2;MPP4;JUP;TMOD3;FRMD4A;FRMD4B;BAIAP2;CDH8;ADD1;CNN3;PDLIM1;IGSF21;MYO1E;FRMD5;DLG1;APC;CCDC85B;CDH22;CDH11;CTNNA1;KIFC3;PDLIM5
12,GO_Cellular_Component_2021,collagen-containing extracellular matrix (GO:0062023),50/380,6.88043180776626e-05,0.0019529841054351,0,0,1.902892086029612,18.237782157579595,TPSB2;COL16A1;COL14A1;LAMC3;COL12A1;TNC;LAMC2;LAMC1;PCSK6;ADAMTSL4;CTSH;EMILIN2;LGALS9;CTSF;ADAMTS8;EGFL7;COL27A1;DST;COL25A1;SERPINF1;ANXA4;BGN;ANXA11;PLSCR1;VCAN;COL2A1;PKM;COL4A3;COL6A1;MATN1;VWA1;LRRC15;SEMA7A;LAMA4;SDC3;COL11A2;PDGFB;LTBP1;NTN1;THBS1;THSD4;NTN3;MUC2;GPC1;PSAP;TGFB2;L1CAM;COL5A1;COL20A1;COL9A3
13,GO_Cellular_Component_2021,postsynaptic density (GO:0014069),24/138,8.622783851276526e-05,0.0022727194579435,0,0,2.628220245113803,24.59624510478872,MPP2;KCND3;MAGI2;ATP2B2;CACNA1C;PPP1R9A;SRCIN1;DNM1;ADD1;CACNG7;GRIN2A;DLG1;SIPA1L1;CDK5;DLG4;RHEB;SYNDIG1;PTK2B;ADGRL1;FYN;PDLIM5;SHANK2;CACNG4;LZTS3
14,GO_Cellular_Component_2021,axon (GO:0030424),31/204,0.00012521719475110647,0.0030803429908772,0,0,2.240495548423219,20.13188485674864,APP;NRP1;PTPRS;KCNC1;SEMA3A;HTT;ATP1A3;IGF1R;ALCAM;BSG;DIP2B;TGFB2;SEMA6A;STAT1;DAB2IP;RTN4RL2;L1CAM;SRCIN1;DNM1;CDK5;NFIB;PALLD;FEZ1;MAP1B;RUFY3;NF1;ADGRL1;RIN3;SCN4A;MAPT;FGF13
15,GO_Cellular_Component_2021,basolateral plasma membrane (GO:0016323),25/151,0.00014051224917105464,0.0031910833260773,0,0,2.477058531746032,21.972043949443663,NDRG4;PDGFB;SLC2A1;SLC4A1;LPO;NOD1;ATP1A1;EGFR;NKD2;VSIG1;CA4;ERBB2;BSND;ENPP1;SLC19A1;ABCC1;CXADR;SLC16A1;SLC16A12;SLC4A11;DLG1;RHCG;SLC22A7;FOLR1;CD44
16,GO_Cellular_Component_2021,apicolateral plasma membrane (GO:0016327),4/5,0.00014701467897917155,0.0031910833260773,0,0,49.56999330207636,437.4541062582149,CXADR;MTCL1;NEDD4;MPDZ
17,GO_Cellular_Component_2021,platelet dense tubular network membrane (GO:0031095),5/9,0.0002277319771805123,0.0046479161633167,0,0,15.498491957104555,129.99113949703334,EHD1;DMTN;ATP2A3;ITPR2;ITPR3
18,GO_Cellular_Component_2021,microvillus (GO:0005902),13/57,0.0002393235964851456,0.0046479161633167,0,0,3.675064322469983,30.64156161002837,RDX;STARD10;USH1C;PDGFA;ESPN;MYO1E;MYO1B;MYO1C;PODXL;CD44;CLRN1;PROM2;MYO1G
19,GO_Cellular_Component_2021,dendrite (GO:0030425),37/270,0.0002589634135255144,0.0047778749795457,0,0,1.987153859721324,16.411553524879697,CHRM2;KCNC1;CHRM4;HTT;KNDC1;PPP1R9A;CRHR2;TRAK2;SGCE;HTR7;OPA1;MAP2;HRH2;ABL1;PTK2B;FYN;DIP2B;MARK1;FARP1;MPP2;SKOR1;SLC32A1;STAT1;MAGI2;SRCIN1;SLC4A8;SMO;CDK5;DLG4;MAP1B;RUFY3;NF1;RIN3;RGS12;MAPT;ATXN10;FGF13
20,GO_Cellular_Component_2021,extracellular vesicle (GO:1903561),13/59,0.0003439089127489405,0.0060429708954456,0,0,3.5148980428923005,28.03178191890381,GPM6A;CLTC;COL12A1;ATP1A3;ATP1A2;ATP1A1;ATP1B1;LFNG;ARC;PKM;OLFML3;CTSF;PROM2
21,GO_Cellular_Component_2021,Golgi membrane (GO:0000139),56/472,0.0004118103099303713,0.0067656195245397,0,0,1.689651951102333,13.170748636388776,SCARB2;GPSM1;APP;CLTC;SLC2A1;XYLT1;ECE2;LDLRAD4;HS6ST1;FTCD;HS6ST2;GALNT10;SCAMP5;LFNG;AP4M1;GJA1;HTR7;BSG;GOLGA7;GALNT9;WLS;CALN1;CHST8;RAB2A;HS3ST3B1;RHBDF1;ST6GAL1;HLA-G;TPST2;ST6GALNAC6;B4GALT5;NOTCH1;PDGFB;PDGFA;GLG1;AGPAT3;ZDHHC19;CHST11;VPS51;VPS53;PDGFC;CHST15;MGAT3;MAN1C1;CD59;RFFL;ST3GAL1;ARFGEF1;ST8SIA2;GALNT1;C1GALT1;B3GAT1;EXT1;MYO1B;LGR6;FOLR1
22,GO_Cellular_Component_2021,postsynaptic density membrane (GO:0098839),7/20,0.00042170528201738094,0.0067656195245397,0,0,6.681982447083119,51.92704786378419,CACNG7;DLG1;GRIN2A;DLG4;SYNDIG1;ATP2B2;CACNG4
23,GO_Cellular_Component_2021,intracellular membrane-bounded organelle (GO:0043231),444/5192,0.00044412803644143777,0.0068284685602871,0,0,1.221530973005278,9.4294833428666,EHF;MAML2;MYT1L;ITSN1;ENO1;ALKBH8;GJA1;CREB3L1;ANKFY1;DIP2B;MNX1;SAMD11;HES7;RBFOX1;DDX11;PRKCE;RFX2;BHLHA15;ISL1;SND1;SULT2B1;TYRO3;PADI2;HOXB1;AIRE;PRDM14;PRDM12;AGAP3;GATA2;PRDM11;PRDM10;WDR70;ZSCAN10;PRDM16;SYNDIG1;NKX2-3;NKX2-2;CDK18;JUP;ABCA4;NR2F1;IRF2BP2;PHC3;PBX1;EHD1;MOV10;NPLOC4;CYP1A1;PYDC1;PSMG2;CDK14;ZNF254;CDKN1C;TCF25;DENND1A;ZNF43;PRKAG2;SNX10;TCF20;STON2;FMN2;MED16;CLINT1;GLI3;OSBPL10;GLI2;RNF157;MED13;MECOM;GPRASP2;JAK1;DUSP4;ANXA4;TESC;EN2;PAX5;PAX2;ITPKB;PLSCR1;TAL1;ITPKA;RARA;GPRC5C;SLC29A3;ZNF232;SAMD9;AHNAK;HTT;FIGN;EGFR;FSTL3;EGLN1;TIGAR;SLC16A1;GSN;BRF1;STAT1;STAT3;NR1H3;SKI;NFIA;WT1;NFIB;SNX14;ZNF217;UBAP2;PKN2;ZBTB21;ZBTB20;MSI2;FGF1;SALL1;SALL2;SLC26A11;PITX1;PPP1R16B;RAB2A;CSNK1G3;TLE2;MAP2K1;TLE1;FBXW7;ZBTB38;UBE2E3;MAGI2;CEP131;UBE2E1;ATP11A;ZBTB33;MYT1;CDC25A;TLE6;CLIP1;MSH2;SMO;DGKQ;CLIP4;TNIK;ADNP;SRSF7;PVALB;ANKRD17;NOTCH1;DLX4;KMT2C;KMT2B;TACSTD2;ARL2;NREP;GLIS2;ATXN1;BTBD3;PSAP;ABL1;UGT3A1;ZNF423;AKIRIN2;OSBPL5;TNK2;FBXO32;MCC;ADAP1;QKI;HOPX;RCAN1;MAFB;CDK6;DAB1;LHX3;CDK5;LHX1;NF1;LHX6;LHX4;OGT;LHX8;NUMA1;CELF1;CELF3;ONECUT1;CELF5;AP4M1;SIN3B;DNMT3B;TRIM69;HMG20A;TNPO1;LBR;EMX1;RFC4;DST;MSL1;ARL4C;DMRTA2;PKM;TFDP2;TRAF4;CTDSP1;HAND1;LANCL2;BIRC5;LCOR;BIRC6;NFAT5;SMARCD3;CEBPE;CEBPG;HDAC9;MLLT6;AP3M2;IFI16;VPS51;CCDC85B;VPS53;IGF2BP1;POLR2E;FYN;IGF2BP2;BEND6;JAZF1;CYB5B;IRX1;SKOR1;IRX6;IRX4;KLF7;APC;PTPN6;MNDA;KCNK1;PPIL4;FOLR1;ZMYND8;MT1X;LDLRAD4;IFI30;MT2A;ZNF608;RASSF5;BSG;CHEK1;KAT7;TRIM27;LGALS9;SFMBT2;NSMCE2;IFRD1;HNF1B;OVOL1;CRNKL1;RUNX3;RUNX2;KRT9;RUNX1;OVOL2;TRIB1;TRIB2;ZFPM1;TMEM63A;DCUN1D3;STC1;PIK3R1;NEU4;TP53BP2;HIVEP3;B4GALNT3;APOB;RALGDS;SRPK2;WWTR1;IQSEC1;GADD45A;PDE2A;PTK6;SMARCA2;PTK2;TPX2;PEMT;ID3;GRB2;MKX;SLC2A4RG;TP73;CLIC3;CITED1;ADIRF;WASL;XPO1;ENC1;NCS1;ARIH2;ANKRD1;CTSH;RAC1;NCOA2;ZHX3;NCOA3;STRADB;AGTRAP;COMMD4;NME1;HCK;NR5A2;PRPF18;MAPT;VGLL4;YAP1;HSD17B3;NEDD9;RAD54B;ZNF7;RXRA;CUX1;CTNNA1;KISS1R;EPS15;UBL4A;SVIL;LBX1;VAX2;PER2;PER1;TACC3;TRIP12;TJP2;MIDN;PRDM1;NR3C1;ETS1;IGF1R;NPPB;DOCK10;RGS3;CCND1;LMO1;OSR2;MSX2;KDM2B;SLC30A2;TOMM34;ADAM10;ARID5B;WRNIP1;EEF1A1;TBL1XR1;COL4A3;LMX1B;VCP;DDX5;TCF7;CACNA1A;RAI1;DPP7;ZMAT2;PODXL;CAMTA1;LPXN;CBX8;TFAP2C;UBE2H;SMAD3;UBE2B;CBX4;CBX3;PHF12;CBX2;ASPSCR1;CHCHD10;GGH;POU2F3;DIAPH1;DLG1;FGF14;TLX1;TCF4;BLMH;TCF3;FGF13;YWHAE;RERE;ABCD3;PRKCSH;CHD5;YBX1;CHD2;RND2;RND3;CABIN1;SNAPC5;CASP7;TRPS1;SNAPC3;PDE4B;ZNF385B;PDE4A;POLE;KDM6B;USP48;PDE4D;PDE4C;AXIN1;AXIN2;ARID1A;KLF15;ETV4;UTF1;ETV6;TRAPPC6A;VGF;PALLD;IRF1;RBMS1;FBP1;RBMS2;CREB5;RBMS3;PDXK;MVK;PARG;HLF;CLCN3;CLN6;ADD1;TRA2B;FAM120B;ATOH8;ERBB2;PTK2B;GBP2;HES3;BUB1;KDM4C;B3GAT1;ATP2B2;ZIC5;ARID3B;MAPK15;MAPK12;CRYGC;GOLPH3;KANSL1;KANSL3;RGS12;SSBP4
24,GO_Cellular_Component_2021,membrane raft (GO:0045121),25/163,0.0004703512753638428,0.0069423848243703,0,0,2.26018529458097,17.31760922332264,RTN4R;APP;AHNAK;CBLC;ATP1A1;CLN6;EGFR;SLC9A1;GJA1;GPC1;KDR;FYN;PROM2;CXADR;CAV2;RTN4RL2;TNFRSF1B;ARC;PLSCR1;MYO1C;STIM1;CD8A;FAS;MAPT;CARD11
25,GO_Cellular_Component_2021,postsynaptic specialization membrane (GO:0099634),7/21,0.0005919251252657173,0.0084007835085788,0,0,6.204362416107383,46.11163057916671,CACNG7;DLG1;GRIN2A;DLG4;SYNDIG1;ATP2B2;CACNG4
26,GO_Cellular_Component_2021,bounding membrane of organelle (GO:0098588),82/767,0.0006627825559817177,0.0090580282650834,0,0,1.5073905754300896,11.032687478701042,SCARB2;GPSM1;MCFD2;ATP2A3;SLC2A1;XYLT1;ECE2;LDLRAD4;WASL;AREG;HS6ST1;FTCD;HS6ST2;GALNT10;SCAMP5;LFNG;GJA1;BSG;CA4;ANKFY1;RAC1;GOLGA7;GALNT9;WLS;CHST8;RAB2A;HS3ST3B1;RHBDF1;ST6GAL1;ZDHHC11;HLA-G;TPST2;SMO;STIM1;VPS28;CD44;SHANK2;ST6GALNAC6;B4GALT5;CAMK2B;NOTCH1;TTYH1;PDGFB;PDGFA;ITPR2;ITPR3;CLCN3;GLG1;EGFR;AGPAT3;ZDHHC19;CHST11;PDGFC;ERBB2;CHST15;MGAT3;MAN1C1;CD59;PIP5K1C;DRD1;RFFL;APOB;ST3GAL1;CACNG4;WNT3;WNT4;ARFGEF1;DMTN;PTPRN2;SORT1;WNT7B;ST8SIA2;GALNT1;C1GALT1;B3GAT1;EHD1;EXT1;DIAPH1;MYO1B;DLG4;PAM;FOLR1
27,GO_Cellular_Component_2021,platelet dense tubular network (GO:0031094),5/11,0.0007352373089464177,0.0095560003739023,0,0,10.3312109025916,74.54296415153438,EHD1;DMTN;ATP2A3;ITPR2;ITPR3
28,GO_Cellular_Component_2021,extracellular membrane-bounded organelle (GO:0065010),12/56,0.0007510135795207782,0.0095560003739023,0,0,3.3900826446280994,24.38854888749913,LFNG;GPM6A;ARC;PKM;OLFML3;CLTC;COL12A1;ATP1A3;ATP1A2;CTSF;ATP1A1;ATP1B1
29,GO_Cellular_Component_2021,asymmetric synapse (GO:0032279),21/133,0.000880536876693719,0.0105710026507253,0,0,2.336255081300813,16.435504850053242,MPP2;KCND3;MAGI2;CACNA1C;PPP1R9A;SRCIN1;DNM1;ADD1;SLC4A8;GRIN2A;SIPA1L1;CDK5;DLG4;RHEB;SYNDIG1;PTK2B;ADGRL1;FYN;PDLIM5;SHANK2;LZTS3
30,GO_Cellular_Component_2021,hemidesmosome (GO:0030056),4/7,0.0009102997017961142,0.0105710026507253,0,0,16.521544987720475,115.67950738626551,DST;JUP;EPPK1;PLEC
31,GO_Cellular_Component_2021,voltage-gated potassium channel complex (GO:0008076),14/73,0.00091672651713607,0.0105710026507253,0,0,2.9511411819833824,20.642351258890677,KCNH2;KCNG2;KCNJ5;KCNC1;KCNIP1;KCND3;KCNAB2;KCNA7;DPP6;KCNQ2;KCNQ4;KCNN1;KCNQ5;KCNK1
32,GO_Cellular_Component_2021,intercalated disc (GO:0014704),8/31,0.001606700315443,0.0179658307999544,0,0,4.316874470756563,27.77292572964516,GJA1;DLG1;JUP;PIK3CA;AKAP6;ATP1B1;FGF13;OBSL1
33,GO_Cellular_Component_2021,anchored component of plasma membrane (GO:0046658),10/46,0.0018111737154333,0.0196565617939674,0,0,3.4497123216020324,21.78072529076493,RTN4R;IGSF21;NTNG2;CA4;LYPD3;NOD1;CD59;RTN4RL2;FOLR1;MDGA1
34,GO_Cellular_Component_2021,potassium channel complex (GO:0034705),14/80,0.0022913898283091,0.0241577956184591,0,0,2.637140113202149,16.030111278122263,KCNH2;KCNG2;KCNJ5;KCNC1;KCNIP1;KCND3;KCNAB2;KCNA7;DPP6;KCNQ2;KCNQ4;KCNN1;KCNQ5;KCNK1
35,GO_Cellular_Component_2021,synaptic membrane (GO:0097060),7/26,0.0024058218319308,0.0246596737772916,0,0,4.570399152243024,27.55888401455059,GRIN2A;DLG1;FLRT3;DLG4;PDE2A;ADAM10;ATP2B2
36,GO_Cellular_Component_2021,filtration diaphragm (GO:0036056),3/5,0.0037305858151698,0.0362259517315173,0,0,18.57530120481928,103.85803839265282,NPHS1;PODXL;MAGI2
37,GO_Cellular_Component_2021,slit diaphragm (GO:0036057),3/5,0.0037305858151698,0.0362259517315173,0,0,18.57530120481928,103.85803839265282,NPHS1;PODXL;MAGI2
38,GO_Cellular_Component_2021,tight junction (GO:0070160),14/85,0.0040736026020203,0.0385425476960382,0,0,2.4507612091971924,13.48709650897641,CXADR;MAGI2;FRMD4A;FRMD4B;RAP2C;GJA1;DLG1;APC;VAPA;CLDN12;EPPK1;AMOTL1;JAM2;TJP2
39,GO_Cellular_Component_2021,sodium:potassium-exchanging ATPase complex (GO:0005890),4/10,0.0045496277803957,0.0419703162741509,0,0,8.259432909131503,44.5407252529873,ATP1A3;ATP1A2;ATP1A1;ATP1B1
40,GO_Cellular_Component_2021,cation-transporting ATPase complex (GO:0090533),5/16,0.0050687935741362,0.0456191421672259,0,0,5.633682671216183,29.77205489442414,ATP1A3;ATP1A2;ATP1A1;ATP1B1;SLC9A1
41,GO_Cellular_Component_2021,apical junction complex (GO:0043296),15/98,0.0060928325961362,0.0535298863803396,0,0,2.246231891127262,11.457225136409576,CXADR;JUP;MAGI2;FRMD4A;FRMD4B;RAP2C;DLG1;APC;VAPA;CLDN12;EPPK1;PKN2;AMOTL1;KIFC3;TJP2
42,GO_Cellular_Component_2021,catenin complex (GO:0016342),7/31,0.006925757186158,0.0594326605044723,0,0,3.6172539149888143,17.986823639376944,JUP;APC;CDH22;CDH11;CDH23;CTNNA1;CDH8
43,GO_Cellular_Component_2021,specific granule (GO:0042581),21/160,0.0083753264031359,0.0702385327899353,0,0,1.8796864947066736,8.989535301456483,CD53;PDXK;TMEM63A;TMEM30A;DGAT1;JUP;STXBP2;ADAM10;ANXA11;GGH;ATP11A;KCNAB2;TNFRSF1B;CLCN3;AGPAT2;PGRMC1;RAB37;LCN2;CD59;PTPN6;DOCK2
44,GO_Cellular_Component_2021,early endosome (GO:0005769),31/266,0.0094023545948503,0.0770993076777724,0,0,1.6438071463818176,7.671311189107885,APP;NRP1;PCSK9;HTT;LDLRAD4;CLCN3;EGFR;CLN6;EEA1;RNF157;AP4M1;VPS8;KDR;SYNDIG1;ANKFY1;APOB;EPHB1;WLS;TBC1D16;MAP2K1;PPP1R21;SORT1;PLA2G4E;DKK1;HLA-G;SNX20;EHD1;MYO1B;NAPEPLD;RIN3;VPS28
45,GO_Cellular_Component_2021,intracellular non-membrane-bounded organelle (GO:0043232),108/1158,0.0097863347640466,0.0775304021593277,0,0,1.2924159210120334,5.979708985623663,MAPKBP1;SALL1;ARHGDIA;KAT7;TRIM27;MNX1;CDK5RAP2;TMOD1;TPM4;TMOD3;DDX11;ANXA11;ZBTB33;SDCBP2;RUNX3;EEF1A1;MYCL;FRMD5;DGKQ;WDFY3;TNIK;UTRN;MAD1L1;KANK3;DDX5;VCP;PRKRIP1;ALOX15;ARL2;HSD11B2;CYB5R3;ATXN1;CALD1;PODXL;EPB41L2;EPB41L3;ABL1;CAMTA1;LPXN;KIAA0319L;SPTBN1;MARK1;SRPK2;JUP;IQSEC1;CBX3;POU2F3;PTK2;EHD1;TPX2;UVSSA;FGF18;GRB2;DOCK4;NUMA1;MTCL1;CLTC;FAF2;FMN2;STON2;RND2;RND3;GLI3;GLI2;SNAPC5;XPO1;SNAPC3;RAC1;EMX1;MRPS27;RIPK2;EN2;ETV4;ETV6;FGR;RBL2;PLSCR1;CDC42EP3;RARA;KANK1;NEDD9;DDX21;ASAP1;RRBP1;ADD1;CLN6;PDLIM1;IFI16;VPS51;IGF2BP2;ZNF622;WASF1;DCAF13;BCAP31;ARFGEF1;MPP2;GSN;STAT1;DHRS3;VMP1;MYO1E;KLHL7;LPCAT2;TCEA1;PTPN6;EPPK1;MNDA;RGS12
46,GO_Cellular_Component_2021,intracellular organelle lumen (GO:0070013),82/848,0.0098751460744943,0.0775304021593277,0,0,1.341864949395234,6.196375636332464,APP;COL16A1;PRKCSH;COL14A1;COL12A1;TNC;PCSK9;TXNDC12;LAMC1;PCSK6;NR3C1;AP4M1;ADAMTSL1;LIPC;ADAMTSL4;CTSH;GOLGA7;ACOT9;COL27A1;COL25A1;MCCC1;BGN;ADAM10;PDIA6;EEF1A1;MMP11;VCAN;COL2A1;PKM;PPA2;POLG2;VGF;TST;PDE12;ETHE1;COL4A3;COL6A1;VWA1;GAS6;GCDH;VCP;H6PD;CAB39;COL11A2;SDC3;EBI3;PDGFB;PDGFA;ARL2;LTBP1;THBS1;EGFR;CLN6;FSTL3;MUC2;CYP11A1;ARSJ;GPC1;ALOX5;STC2;PDGFC;NT5M;APOB;ACSS1;ATG7;WNT3;WNT4;GSN;JUP;ERAP2;WNT7B;PDE2A;GGH;PDP1;GLUD1;IL6;COL5A1;COL20A1;PTPN6;COL9A3;MNDA;NOTUM
47,GO_Cellular_Component_2021,cytolytic granule (GO:0044194),3/7,0.0116485177844003,0.0859660612488743,0,0,9.286646586345382,41.34950282996365,GNLY;STXBP2;PRF1
48,GO_Cellular_Component_2021,G protein-coupled receptor dimeric complex (GO:0038037),3/7,0.0116485177844003,0.0859660612488743,0,0,9.286646586345382,41.34950282996365,GABBR2;GABBR1;RAMP3
49,GO_Cellular_Component_2021,NSL complex (GO:0044545),3/7,0.0116485177844003,0.0859660612488743,0,0,9.286646586345382,41.34950282996365,KANSL1;PHF20;KANSL3
50,GO_Cellular_Component_2021,bicellular tight junction (GO:0005923),12/78,0.0128210012292587,0.0927637147764016,0,0,2.25736149372513,9.834580750201974,RAP2C;DLG1;CXADR;APC;VAPA;MAGI2;CLDN12;FRMD4A;EPPK1;FRMD4B;AMOTL1;TJP2
51,GO_Cellular_Component_2021,anchored component of external side of plasma membrane (GO:0031362),5/20,0.0140095128739804,0.0986682825628637,0,0,4.13047363717605,17.62893867837559,RTN4R;IGSF21;CA4;CD59;FOLR1
52,GO_Cellular_Component_2021,basement membrane (GO:0005604),9/52,0.0141718671431755,0.0986682825628637,0,0,2.5965866466616654,11.052361886794229,DST;LAMC3;LAMA4;COL4A3;LAMC2;COL9A3;LAMC1;NTN1;NTN3
53,GO_Cellular_Component_2021,Golgi lumen (GO:0005796),14/100,0.0167563624307773,0.1120361196396574,0,0,2.021656290674152,8.266506572246055,APP;WNT7B;SDC3;PDGFB;BGN;PDGFA;PCSK6;MMP11;VCAN;MUC2;GPC1;GAS6;WNT3;WNT4
54,GO_Cellular_Component_2021,axonal growth cone (GO:0044295),4/14,0.0170394316901728,0.1120361196396574,0,0,4.954588077695914,20.176197977979804,RTN4R;GPM6A;FLRT3;L1CAM
55,GO_Cellular_Component_2021,nBAF complex (GO:0071565),4/14,0.0170394316901728,0.1120361196396574,0,0,4.954588077695914,20.176197977979804,SMARCD3;ARID1A;ARID1B;SMARCA2
56,GO_Cellular_Component_2021,actin filament (GO:0005884),11/72,0.0176050691641928,0.1120361196396574,0,0,2.237958652339872,9.040387047385556,TMOD1;HCK;PSTPIP1;MYO1B;DMTN;TPM4;PALLD;WASL;RAC1;GAS2L1;ARHGAP6
57,GO_Cellular_Component_2021,death-inducing signaling complex (GO:0031264),3/8,0.0176100133850952,0.1120361196396574,0,0,7.428915662650603,30.00752689076755,TRADD;FAS;CFLAR
58,GO_Cellular_Component_2021,vesicle membrane (GO:0012506),11/73,0.0193723439441186,0.1211592358538944,0,0,2.201743151130986,8.683474188854357,ANXA4;DGKQ;GAD1;HTT;ITPR2;SLC4A11;SPIRE1;ITPR3;ECE2;FMN2;CLCN3
59,GO_Cellular_Component_2021,nucleus (GO:0005634),368/4484,0.0207656530304828,0.1277087661374692,0,0,1.1393279569198298,4.4142748466672685,EHF;MAML2;MYT1L;ZMYND8;MT1X;ENO1;ALKBH8;MT2A;ZNF608;RASSF5;CREB3L1;CHEK1;KAT7;TRIM27;LGALS9;DIP2B;MNX1;SAMD11;HES7;RBFOX1;SFMBT2;DDX11;NSMCE2;IFRD1;RFX2;HNF1B;BHLHA15;OVOL1;ISL1;CRNKL1;RUNX3;SND1;RUNX2;KRT9;RUNX1;OVOL2;TYRO3;PADI2;HOXB1;TRIB1;TRIB2;ZFPM1;AIRE;DCUN1D3;PRDM14;STC1;PIK3R1;PRDM12;AGAP3;GATA2;PRDM11;PRDM10;WDR70;ZSCAN10;PRDM16;TP53BP2;HIVEP3;RALGDS;NKX2-3;NKX2-2;SRPK2;WWTR1;CDK18;JUP;GADD45A;PDE2A;NR2F1;IRF2BP2;PTK6;SMARCA2;PHC3;PBX1;PTK2;MOV10;TPX2;NPLOC4;PYDC1;ID3;GRB2;PSMG2;MKX;CDK14;SLC2A4RG;TP73;ZNF254;CDKN1C;CLIC3;CITED1;TCF25;ZNF43;PRKAG2;ADIRF;SNX10;TCF20;WASL;FMN2;MED16;GLI3;GLI2;RNF157;MED13;XPO1;MECOM;ENC1;ARIH2;ANKRD1;GPRASP2;JAK1;DUSP4;NCOA2;ZHX3;NCOA3;ANXA4;TESC;STRADB;EN2;PAX2;NME1;ITPKB;PLSCR1;NR5A2;PRPF18;TAL1;ITPKA;RARA;MAPT;VGLL4;YAP1;AHNAK;HTT;NEDD9;FIGN;EGFR;FSTL3;RAD54B;ZNF7;RXRA;CUX1;EGLN1;UBL4A;SVIL;TIGAR;GSN;BRF1;STAT1;STAT3;NR1H3;LBX1;VAX2;SKI;PER2;PER1;NFIA;WT1;NFIB;ZNF217;UBAP2;PKN2;TRIP12;TJP2;MIDN;ZBTB21;ZBTB20;PRDM1;NR3C1;FGF1;ETS1;NPPB;DOCK10;RGS3;SALL1;CCND1;SALL2;PITX1;PPP1R16B;RAB2A;LMO1;OSR2;CSNK1G3;TLE2;MAP2K1;TLE1;MSX2;KDM2B;FBXW7;ZBTB38;UBE2E3;MAGI2;UBE2E1;TOMM34;ADAM10;ARID5B;WRNIP1;ZBTB33;MYT1;CDC25A;TLE6;EEF1A1;CLIP1;MSH2;TBL1XR1;DGKQ;CLIP4;TNIK;ADNP;LMX1B;SRSF7;PVALB;ANKRD17;VCP;DDX5;NOTCH1;DLX4;KMT2C;KMT2B;TCF7;TACSTD2;ARL2;CACNA1A;NREP;GLIS2;RAI1;ATXN1;ZMAT2;BTBD3;ABL1;CAMTA1;LPXN;ZNF423;CBX8;AKIRIN2;TFAP2C;UBE2H;SMAD3;UBE2B;CBX4;CBX3;PHF12;TNK2;CBX2;CHCHD10;GGH;FBXO32;MCC;ADAP1;POU2F3;QKI;HOPX;RCAN1;DIAPH1;DLG1;FGF14;MAFB;CDK6;LHX3;CDK5;LHX1;TLX1;NF1;LHX6;TCF4;BLMH;TCF3;LHX4;FGF13;OGT;LHX8;YWHAE;RERE;NUMA1;CELF1;CELF3;ONECUT1;CELF5;CHD5;YBX1;CHD2;CABIN1;SNAPC5;CASP7;SIN3B;TRPS1;SNAPC3;DNMT3B;PDE4B;TRIM69;ZNF385B;PDE4A;HMG20A;TNPO1;LBR;POLE;KDM6B;EMX1;USP48;RFC4;DST;PDE4D;PDE4C;AXIN1;AXIN2;ARID1A;KLF15;ETV4;UTF1;MSL1;ETV6;ARL4C;DMRTA2;PKM;TFDP2;TRAF4;CTDSP1;PALLD;IRF1;HAND1;LANCL2;BIRC5;LCOR;RBMS1;BIRC6;FBP1;RBMS2;CREB5;RBMS3;NFAT5;PDXK;PARG;SMARCD3;HLF;CEBPE;CEBPG;HDAC9;ADD1;MLLT6;IFI16;CCDC85B;TRA2B;FAM120B;ATOH8;ERBB2;IGF2BP1;POLR2E;PTK2B;FYN;IGF2BP2;GBP2;HES3;BEND6;JAZF1;IRX1;SKOR1;KDM4C;IRX6;IRX4;ZIC5;ARID3B;MAPK15;MAPK12;CRYGC;KLF7;APC;KANSL1;PTPN6;RGS12;PPIL4;FOLR1;SSBP4
60,GO_Cellular_Component_2021,clathrin coat (GO:0030118),4/15,0.0218861413688006,0.130257841372378,0,0,4.503927418863789,17.21356766372704,CLTC;KCNQ5;CLINT1;EPS15
61,GO_Cellular_Component_2021,PRC1 complex (GO:0035102),4/15,0.0218861413688006,0.130257841372378,0,0,4.503927418863789,17.21356766372704,CBX8;CBX4;CBX2;PHC3
62,GO_Cellular_Component_2021,endoplasmic reticulum membrane (GO:0005789),68/712,0.0224525959680851,0.1315080620987846,0,0,1.3196171583307617,5.009727329763948,SCARB2;GPSM1;MCFD2;AHCYL1;ADPGK;GPAA1;ATP2A3;PIGZ;PLOD2;FMN2;AREG;FTCD;GJA1;HHAT;JPH3;RAC1;LBR;RHBDF1;PCYT2;DGAT1;ELOVL5;ELOVL7;PDIA6;STIM1;ASPH;DAD1;TYRO3;GRAMD1A;NDRG4;VCP;NOTCH1;TTYH1;DERL1;HSD17B3;ITPR2;ITPR3;MOSPD3;AGPAT2;RTN4;AGPAT3;AGPAT4;HSD11B2;GRIN2A;EXTL1;RNF139;ADGRG6;CD59;APOB;BCAP31;AMFR;GALNT1;B3GAT1;DGAT2L6;DHRS3;REEP1;EXT1;VMP1;NCEH1;DHRS9;VAPA;VAPB;LPCAT2;TBXAS1;ACER3;CYP1A1;PEMT;FOLR1;CNIH4
63,GO_Cellular_Component_2021,endocytic vesicle (GO:0030139),22/189,0.0259045751600348,0.1493560661570758,0,0,1.6376413275144626,5.982853490839008,SCARB2;CAMK2B;CEMIP;ITGB5;WNT7B;CLTC;DAB2IP;ANXA11;WASL;CLCN3;DPP4;EHD1;MYO1E;SMO;DLG4;RIN3;APOB;RAB11FIP4;WNT3;CACNG4;WLS;WNT4
64,GO_Cellular_Component_2021,cortical cytoskeleton (GO:0030863),9/58,0.0275338170633269,0.1536663232990076,0,0,2.277896642527979,8.182979950082299,EEF1A1;AKAP13;GSN;DLG4;RDX;SLC2A1;LANCL2;SLC4A1;CLASP1
65,GO_Cellular_Component_2021,filopodium (GO:0030175),9/58,0.0275338170633269,0.1536663232990076,0,0,2.277896642527979,8.182979950082299,GPM6A;MYO1B;CXADR;MAP2;PODXL;RUFY3;RDX;UTRN;FGF13
66,GO_Cellular_Component_2021,polymeric cytoskeletal fiber (GO:0099513),28/256,0.0279014733361341,0.1536663232990076,0,0,1.5277728016433187,5.468014637513477,WASL;ARHGAP6;PSTPIP1;RAC1;GAS2L1;CDK5RAP2;TMOD1;DMTN;TPM4;DST;TUBE1;KCNAB2;MID1;HCK;CLIP1;DLG1;MYO1B;BFSP1;CDK5;APC;PALLD;MAP1B;EPPK1;RADIL;MAPT;CCDC66;FGF13;PLEC
67,GO_Cellular_Component_2021,intrinsic component of external side of plasma membrane (GO:0031233),5/24,0.0299770930258924,0.1626698136257985,0,0,3.2601947227317623,11.434551875883496,RTN4R;IGSF21;CA4;CD59;FOLR1
68,GO_Cellular_Component_2021,heterotrimeric G-protein complex (GO:0005834),6/33,0.0336485518693279,0.1777209621120341,0,0,2.753707429763768,9.339984267607925,GNAO1;GNA15;GNA11;GNA12;GNAS;GNG8
69,GO_Cellular_Component_2021,apical dendrite (GO:0097440),3/10,0.0337140036526893,0.1777209621120341,0,0,5.305794606999426,17.985805345305355,MAP2;MAP1B;PTK2B
70,GO_Cellular_Component_2021,clathrin-coated vesicle membrane (GO:0030665),12/90,0.0357559552451918,0.1858302462743068,0,0,1.9088319088319088,6.3583924703649375,CHRM2;SCARB2;BTC;SLC32A1;DENND1A;GAD1;CLTC;APOB;AREG;CLINT1;EGFR;SLC2A8
71,GO_Cellular_Component_2021,sarcolemma (GO:0042383),8/52,0.038262881722556,0.1945857024752565,0,0,2.253983759692289,7.355368849681694,POPDC3;AHNAK;CAV2;SLC2A1;ATP1A1;FLNC;ATP1B1;PLEC
72,GO_Cellular_Component_2021,specific granule membrane (GO:0035579),12/91,0.0384952744734247,0.1945857024752565,0,0,1.8845671908963049,6.138449542557449,CD53;PGRMC1;TMEM63A;TMEM30A;DGAT1;RAB37;ADAM10;CD59;ATP11A;KCNAB2;TNFRSF1B;AGPAT2
73,GO_Cellular_Component_2021,aggresome (GO:0016235),6/35,0.0434769974384513,0.2100582270670185,0,0,2.563519045306321,8.037973633148177,FGR;SFMBT2;STRADB;PRDM16;EPS15;CABIN1
74,GO_Cellular_Component_2021,cell cortex region (GO:0099738),3/11,0.0438332885749605,0.2100582270670185,0,0,4.642319277108434,14.518211678800146,NUMA1;EPB41L2;ENO1
75,GO_Cellular_Component_2021,npBAF complex (GO:0071564),3/11,0.0438332885749605,0.2100582270670185,0,0,4.642319277108434,14.518211678800146,SMARCD3;ARID1A;SMARCA2
76,GO_Cellular_Component_2021,Sin3 complex (GO:0016580),3/11,0.0438332885749605,0.2100582270670185,0,0,4.642319277108434,14.518211678800146,MORF4L1;SIN3B;PHF12
77,GO_Cellular_Component_2021,cation channel complex (GO:0034703),10/73,0.0447680759253997,0.2102998788136725,0,0,1.9683820625313564,6.114306435099331,CACNG7;GRIN2A;DLG4;PDE4D;PTK2B;AKAP6;KCNK1;CACNG4;MCU;TRPM4
78,GO_Cellular_Component_2021,lysosome (GO:0005764),46/477,0.0460526836887139,0.2102998788136725,0,0,1.3292888655075863,4.091510239459434,SCARB2;TMEM63A;RAMP3;AHNAK;WDR45B;CLTC;SDC3;STXBP2;PRF1;PCSK9;IFI30;CLCN3;SLC2A8;DPP4;NEU4;GNLY;GPC1;GNA11;LAMP2;PSAP;ANKFY1;CTSH;ENPP1;MFSD1;SLC26A11;CTSF;RFFL;APOB;RAB2A;SPAG9;VPS18;ATP6V1G1;SORT1;SLC30A2;PLA2G4E;BGN;AP3B1;ATP11A;TM6SF1;HCK;VCAN;RHEB;SNX14;COL6A1;SLC29A3;ITM2C
79,GO_Cellular_Component_2021,HULC complex (GO:0033503),2/5,0.0480786428524464,0.2102998788136725,0,0,8.249721293199554,25.037221180066467,UBE2B;UBE2U
80,GO_Cellular_Component_2021,"phosphatidylinositol 3-kinase complex, class I (GO:0097651)",2/5,0.0480786428524464,0.2102998788136725,0,0,8.249721293199554,25.037221180066467,PIK3CA;PIK3R1
81,GO_Cellular_Component_2021,smooth endoplasmic reticulum membrane (GO:0030868),2/5,0.0480786428524464,0.2102998788136725,0,0,8.249721293199554,25.037221180066467,TTYH1;FTCD
82,GO_Cellular_Component_2021,sorting endosome (GO:0097443),2/5,0.0480786428524464,0.2102998788136725,0,0,8.249721293199554,25.037221180066467,NRP1;KDR
83,GO_Cellular_Component_2021,calcium channel complex (GO:0034704),7/45,0.0483160823946233,0.2102998788136725,0,0,2.2828505828329213,6.917016274973229,CACNG7;PDE4D;PDE4B;CACNA2D3;AKAP6;CACNA1C;MCU
84,GO_Cellular_Component_2021,endocytic vesicle membrane (GO:0030666),18/158,0.0488371471619186,0.2102998788136725,0,0,1.596319907273254,4.819711297735976,CHRM2;SCARB2;CAMK2B;WNT7B;CLTC;WASL;HLA-G;AREG;EGFR;SLC2A8;BTC;SMO;DLG4;APOB;WNT3;CACNG4;WLS;WNT4
85,GO_Cellular_Component_2021,SWI/SNF complex (GO:0016514),4/19,0.0490129798861133,0.2102998788136725,0,0,3.3021656619781203,9.958242319158272,SMARCD3;ARID1A;ARID1B;SMARCA2
86,GO_Cellular_Component_2021,cytoplasmic stress granule (GO:0010494),9/65,0.052114175803739,0.221035987029652,0,0,1.9924035138248848,5.886194119774939,RBFOX1;VCP;LARP1;CELF1;IGF2BP1;TRIM25;RC3H1;YBX1;PUM1
87,GO_Cellular_Component_2021,sarcoplasmic reticulum membrane (GO:0033017),5/28,0.0542351720921818,0.2254793670011295,0,0,2.692621517659401,7.84744521522394,JPH3;STIM1;ATP2A3;ITPR2;AKAP6
88,GO_Cellular_Component_2021,integral component of nuclear inner membrane (GO:0005639),3/12,0.0552769098653159,0.2254793670011295,0,0,4.12628290941544,11.947239539106658,P2RX5;P2RX3;LBR
89,GO_Cellular_Component_2021,intrinsic component of nuclear inner membrane (GO:0031229),3/12,0.0552769098653159,0.2254793670011295,0,0,4.12628290941544,11.947239539106658,P2RX5;P2RX3;LBR
90,GO_Cellular_Component_2021,lysosomal lumen (GO:0043202),11/86,0.0556060227563761,0.2254793670011295,0,0,1.818824585015702,5.255427725356143,SCARB2;VCAN;NEU4;GPC1;LAMP2;SDC3;PSAP;BGN;CTSF;IFI30;APOB
91,GO_Cellular_Component_2021,vacuolar lumen (GO:0005775),18/161,0.0567663662325653,0.2276824906501805,0,0,1.562575355678804,4.482733794399342,SCARB2;VCP;SDC3;FAF2;BGN;GGH;IFI30;NEU4;VCAN;CYB5R3;DPP7;GPC1;LAMP2;PSAP;PADI2;MNDA;CTSF;APOB
92,GO_Cellular_Component_2021,secretory vesicle (GO:0099503),5/29,0.0616603753565345,0.2446524570597984,0,0,2.5802893208221627,7.18897960480261,SYT3;RAB3D;DPYSL3;NKD2;SYTL2
93,GO_Cellular_Component_2021,SCF ubiquitin ligase complex (GO:0019005),8/58,0.0660576909917319,0.2531147680425856,0,0,1.9828609805238413,5.387883022390783,SPSB1;FBXW7;FBXO2;FBXL16;FBXL2;FBXO32;FBXO9;CUL4B
94,GO_Cellular_Component_2021,beta-catenin-TCF complex (GO:1990907),3/13,0.0679828382767144,0.2531147680425856,0,0,3.713453815261044,9.983620522700162,TLE1;TCF7;TCF4
95,GO_Cellular_Component_2021,podosome (GO:0002102),3/13,0.0679828382767144,0.2531147680425856,0,0,3.713453815261044,9.983620522700162,GSN;LPXN;ASAP1
96,GO_Cellular_Component_2021,spanning component of plasma membrane (GO:0044214),3/13,0.0679828382767144,0.2531147680425856,0,0,3.713453815261044,9.983620522700162,BMPR2;NPC1L1;TRPM4
97,GO_Cellular_Component_2021,cortical endoplasmic reticulum (GO:0032541),2/6,0.0685947880874215,0.2531147680425856,0,0,6.1869565217391305,16.578189574662684,ASPH;STIM1
98,GO_Cellular_Component_2021,nuclear envelope lumen (GO:0005641),2/6,0.0685947880874215,0.2531147680425856,0,0,6.1869565217391305,16.578189574662684,APP;ALOX5
99,GO_Cellular_Component_2021,zonula adherens (GO:0005915),2/6,0.0685947880874215,0.2531147680425856,0,0,6.1869565217391305,16.578189574662684,JUP;KIFC3
100,GO_Cellular_Component_2021,glutamatergic synapse (GO:0098978),9/69,0.0711260128976253,0.2598564233586511,0,0,1.8591733870967744,4.914357003054279,VPS18;SLC4A8;IL1RAPL2;DLGAP1;ATP2B2;RAC1;NPTX1;DLGAP3;DLGAP4
101,GO_Cellular_Component_2021,voltage-gated calcium channel complex (GO:0005891),5/31,0.0781389654570678,0.2826791985652749,0,0,2.3815477418024336,6.071199707357694,CACNG7;PDE4D;PDE4B;CACNA2D3;CACNA1C
102,GO_Cellular_Component_2021,lysosomal membrane (GO:0005765),32/330,0.0794951727852366,0.2847933859975955,0,0,1.3344022722587443,3.378785254867824,SCARB2;TMEM63A;AHNAK;RAB3D;CLTC;PCSK9;CLCN3;SLC2A8;DPP4;GNA11;LAMP2;PSAP;ANKFY1;ENPP1;SLC26A11;RAB2A;SPAG9;VPS18;ATP6V1G1;TMEM30A;SLC30A2;PLA2G4E;AP3B1;ATP11A;TM6SF1;BST2;EEF1A1;VAPA;RAB37;RHEB;COL6A1;SLC29A3
103,GO_Cellular_Component_2021,glial cell projection (GO:0097386),3/14,0.0818765078216031,0.2905041479439573,0,0,3.375684556407448,8.447796327520493,SLC4A8;FYN;MAPT
104,GO_Cellular_Component_2021,cytoplasmic vesicle membrane (GO:0030659),36/380,0.0856953794605693,0.3010424631947536,0,0,1.3007258488133326,3.1958266600101126,SCARB2;CAMK2B;HTT;ITPR2;ITPR3;FMN2;WASL;ECE2;CLCN3;EGFR;GJA1;CA4;ERBB2;ANKFY1;PIP5K1C;RAC1;APOB;RFFL;WNT3;CACNG4;WLS;WNT4;PTPRN2;SORT1;WNT7B;ABCA4;ZDHHC11;EHD1;DIAPH1;MYO1B;SMO;DLG4;SPIRE1;PAM;VPS28;CD44
105,GO_Cellular_Component_2021,ionotropic glutamate receptor complex (GO:0008328),5/32,0.0871784392134734,0.3010424631947536,0,0,2.2932181511269984,5.594989598429869,CACNG7;GRIN2A;DLG4;PTK2B;CACNG4
106,GO_Cellular_Component_2021,endoplasmic reticulum tubular network (GO:0071782),4/23,0.0885895289920622,0.3010424631947536,0,0,2.606408855360101,6.317261598768645,REEP1;ASPH;STIM1;RTN4
107,GO_Cellular_Component_2021,cortical actin cytoskeleton (GO:0030864),6/42,0.0908096586903653,0.3010424631947536,0,0,2.064274536105522,4.952173196900052,EEF1A1;AKAP13;GSN;RDX;SLC2A1;LANCL2
108,GO_Cellular_Component_2021,astral microtubule (GO:0000235),2/7,0.0913733221620932,0.3010424631947536,0,0,4.949297658862876,11.842687966716898,NUMA1;PAFAH1B1
109,GO_Cellular_Component_2021,macropinosome (GO:0044354),2/7,0.0913733221620932,0.3010424631947536,0,0,4.949297658862876,11.842687966716898,CLIP1;ANKFY1
110,GO_Cellular_Component_2021,pinosome (GO:0044352),2/7,0.0913733221620932,0.3010424631947536,0,0,4.949297658862876,11.842687966716898,CLIP1;ANKFY1
111,GO_Cellular_Component_2021,protein kinase complex (GO:1902911),2/7,0.0913733221620932,0.3010424631947536,0,0,4.949297658862876,11.842687966716898,CAB39;IGF1R
112,GO_Cellular_Component_2021,clathrin-coated endocytic vesicle (GO:0045334),10/85,0.1022591627006455,0.3339259383764442,0,0,1.6523649405962788,3.767796691240929,CHRM2;SCARB2;BTC;MYO1E;CEMIP;CLTC;APOB;AREG;EGFR;SLC2A8
113,GO_Cellular_Component_2021,H4 histone acetyltransferase complex (GO:1902562),4/25,0.1127078647773494,0.353751911212169,0,0,2.357924281567952,5.147245135549974,KANSL1;PHF20;KANSL3;MSL1
114,GO_Cellular_Component_2021,clathrin-sculpted gamma-aminobutyric acid transport vesicle (GO:0061200),2/8,0.1159611127501139,0.353751911212169,0,0,4.124191750278706,8.88557268901267,SLC32A1;GAD1
115,GO_Cellular_Component_2021,clathrin-sculpted gamma-aminobutyric acid transport vesicle membrane (GO:0061202),2/8,0.1159611127501139,0.353751911212169,0,0,4.124191750278706,8.88557268901267,SLC32A1;GAD1
116,GO_Cellular_Component_2021,MICOS complex (GO:0061617),2/8,0.1159611127501139,0.353751911212169,0,0,4.124191750278706,8.88557268901267,CHCHD3;CHCHD10
117,GO_Cellular_Component_2021,neuron to neuron synapse (GO:0098984),2/8,0.1159611127501139,0.353751911212169,0,0,4.124191750278706,8.88557268901267,SLC4A8;ATP1A3
118,GO_Cellular_Component_2021,NMDA selective glutamate receptor complex (GO:0017146),2/8,0.1159611127501139,0.353751911212169,0,0,4.124191750278706,8.88557268901267,GRIN2A;PTK2B
119,GO_Cellular_Component_2021,spectrin-associated cytoskeleton (GO:0014731),2/8,0.1159611127501139,0.353751911212169,0,0,4.124191750278706,8.88557268901267,DMTN;SPTBN1
120,GO_Cellular_Component_2021,microtubule cytoskeleton (GO:0015630),31/331,0.1159999492050743,0.353751911212169,0,0,1.2830673033196909,2.76393935204518,NUMA1;CLTC;NEDD9;ARL2;JAKMIP1;NUDCD2;CLASP1;CDK5RAP2;MARK1;DST;CBX3;CEP131;ANXA11;TUBE1;NAV1;KCNAB2;MID1;DNM1;TPX2;THAP6;CLIP1;DLG1;CDK5;APC;FES;MAP1B;RADIL;MAPT;CCDC66;FGF13;MAD1L1
121,GO_Cellular_Component_2021,sarcoplasmic reticulum (GO:0016529),6/45,0.1171923569330612,0.3544588500680297,0,0,1.905174637569004,4.0845774792277485,STIM1;ATP2A3;ITPR2;AKAP6;ITPR3;THBS1
122,GO_Cellular_Component_2021,azurophil granule (GO:0042582),16/155,0.1187072569422018,0.3561217708266054,0,0,1.427307040255709,3.0417266720119267,VCP;TMEM30A;RAB3D;STXBP2;FAF2;ANXA11;GGH;BST2;CYB5R3;DPP7;VAPA;RAB37;LAMP2;PSAP;PADI2;MNDA
123,GO_Cellular_Component_2021,lipid droplet (GO:0005811),9/77,0.1205519136796273,0.3576341468651656,0,0,1.6397355313092978,3.469147142106776,BCAP31;EHD1;HSD11B2;VCP;CYB5R3;FAF2;ALOX15;LPCAT2;DHRS3
124,GO_Cellular_Component_2021,trans-Golgi network membrane (GO:0032588),11/99,0.1211497787483623,0.3576341468651656,0,0,1.5490410497981155,3.269603787160276,SCAMP5;AP4M1;APP;MYO1B;HTR7;VPS51;VPS53;CLTC;LGR6;ST3GAL1;CALN1
125,GO_Cellular_Component_2021,secretory granule membrane (GO:0030667),26/274,0.1259309966079898,0.3687979186376843,0,0,1.3010405473564175,2.695783554564181,TMEM63A;RAB3D;ITPR2;ITPR3;AGPAT2;PGRMC1;LAMP2;PSAP;CA4;CD59;RAC1;CD53;PTPRN2;TMEM30A;DGAT1;ADAM10;ATP11A;KCNAB2;TNFRSF1B;BST2;RAP2C;DIAPH1;VAPA;RAB37;PAM;CD44
126,GO_Cellular_Component_2021,trans-Golgi network (GO:0005802),23/239,0.1286406119316535,0.3737668173447255,0,0,1.3210494245942006,2.7091192753024247,ARFGEF1;APP;RBFOX1;CLTC;ATP11A;SCAMP5;AP4M1;TRAPPC6A;GOLPH3;MYO1B;CCDC91;HTR7;VPS51;VPS53;CA4;MYO18A;RGS20;BIRC6;RAC1;LGR6;ST3GAL1;CALN1;WLS
127,GO_Cellular_Component_2021,protein phosphatase type 2A complex (GO:0000159),3/17,0.1298160045750188,0.3742352006889215,0,0,2.651893287435456,5.414203934353411,PPP2R2C;PPP2R2D;NKD1
128,GO_Cellular_Component_2021,microtubule (GO:0005874),18/182,0.1373273582165705,0.3928201176892598,0,0,1.36093108395587,2.701975871894577,NUMA1;CCDC57;TUBE1;KCNAB2;MID1;TPX2;CLIP1;DLG1;CDK5;APC;MAP1B;BIRC5;RADIL;MAPT;CCDC66;FGF13;CLASP1;CDK5RAP2
129,GO_Cellular_Component_2021,azurophil granule membrane (GO:0035577),7/58,0.1408972606383383,0.3958504840041422,0,0,1.6997499671009344,3.331041318109697,BST2;TMEM30A;VAPA;RAB37;RAB3D;LAMP2;PSAP
130,GO_Cellular_Component_2021,junctional sarcoplasmic reticulum membrane (GO:0014701),2/9,0.1419601102864771,0.3958504840041422,0,0,3.5348303870043,6.900728311174808,JPH3;AKAP6
131,GO_Cellular_Component_2021,TORC2 complex (GO:0031932),2/9,0.1419601102864771,0.3958504840041422,0,0,3.5348303870043,6.900728311174808,PRR5;MAPKAP1
132,GO_Cellular_Component_2021,clathrin-coated endocytic vesicle membrane (GO:0030669),8/69,0.1426778167277802,0.3958504840041422,0,0,1.6243270321152936,3.162834727961061,CHRM2;SCARB2;BTC;CLTC;APOB;AREG;EGFR;SLC2A8
133,GO_Cellular_Component_2021,lytic vacuole membrane (GO:0098852),25/267,0.1456563598644392,0.401098483507299,0,0,1.2815672161336686,2.468945817778923,SCARB2;TMEM63A;AHNAK;PCSK9;CLCN3;SLC2A8;DPP4;GNA11;LAMP2;PSAP;ANKFY1;ENPP1;SLC26A11;RAB2A;SPAG9;VPS18;ATP6V1G1;SLC30A2;PLA2G4E;AP3B1;ATP11A;TM6SF1;RHEB;COL6A1;SLC29A3
134,GO_Cellular_Component_2021,cell projection membrane (GO:0031253),10/92,0.1494638571443834,0.4085345428613148,0,0,1.5107353158265948,2.871455632439803,DMTN;SMO;PODXL;SLC34A1;CA4;GNA12;ASAP1;DRD1;UTRN;SHANK2
135,GO_Cellular_Component_2021,nuclear inner membrane (GO:0005637),4/28,0.1535629490469786,0.4166524132230524,0,0,2.0628488501897744,3.865045824358828,GHRHR;SMAD3;CBX3;LBR
136,GO_Cellular_Component_2021,transport vesicle membrane (GO:0030658),7/60,0.1598208253663851,0.4304663106583659,0,0,1.6354311763960998,2.9988933089543077,MCFD2;CA4;CD59;ECE2;AREG;HLA-G;FOLR1
137,GO_Cellular_Component_2021,smooth endoplasmic reticulum (GO:0005790),3/19,0.166048815969178,0.4392182296981818,0,0,2.32015562248996,4.165777847317358,TTYH1;APOB;FTCD
138,GO_Cellular_Component_2021,tertiary granule (GO:0070820),16/164,0.166991618828262,0.4392182296981818,0,0,1.3398543715896856,2.3980869695797256,CD53;TMEM63A;PTPRN2;STXBP2;ADAM10;GGH;ATP11A;KCNAB2;RAP2C;DIAPH1;LAMP2;CTSH;CD59;PTPN6;RAC1;GOLGA7
139,GO_Cellular_Component_2021,dendrite membrane (GO:0032590),4/29,0.1682673649012836,0.4392182296981818,0,0,1.9802277294038848,3.529164051178548,SGCE;MPP2;KCNC1;ATP2B2
140,GO_Cellular_Component_2021,intermediate filament (GO:0005882),6/50,0.168500136862575,0.4392182296981818,0,0,1.6882202304737517,3.0064141847600325,FAM83H;CLIP1;BFSP1;DST;EPPK1;PLEC
141,GO_Cellular_Component_2021,chylomicron (GO:0042627),2/10,0.169021649368948,0.4392182296981818,0,0,3.092809364548495,5.498175258059062,APOC1;APOB
142,GO_Cellular_Component_2021,intermediate filament cytoskeleton (GO:0045111),9/84,0.1757172884440735,0.4534243317193225,0,0,1.4861290322580645,2.5841984036606003,CLIP1;BFSP1;DST;PRKCE;EPPK1;PKN2;PHLDB2;SMARCA2;PLEC
143,GO_Cellular_Component_2021,exocytic vesicle (GO:0070382),4/30,0.1834423270475013,0.4629182822823911,0,0,1.9039620794476788,3.228843526386943,SYT3;DPYSL3;NKD2;SYTL2
144,GO_Cellular_Component_2021,AMPA glutamate receptor complex (GO:0032281),3/20,0.1851579316221838,0.4629182822823911,0,0,2.183557760453579,3.682670898474546,CACNG7;DLG4;CACNG4
145,GO_Cellular_Component_2021,condensed nuclear chromosome (GO:0000794),3/20,0.1851579316221838,0.4629182822823911,0,0,2.183557760453579,3.682670898474546,RAD50;CHEK1;RGS12
146,GO_Cellular_Component_2021,spanning component of membrane (GO:0089717),3/20,0.1851579316221838,0.4629182822823911,0,0,2.183557760453579,3.682670898474546,BMPR2;NPC1L1;TRPM4
147,GO_Cellular_Component_2021,endosome membrane (GO:0010008),29/325,0.1856691213490349,0.4629182822823911,0,0,1.2151184733780105,2.0460032490667746,SCARB2;CLTC;PCSK9;SNX10;LDLRAD4;CLCN3;EGFR;SCAMP5;LAMP2;ERBB2;SYNDIG1;ANKFY1;PIP5K1C;RAC1;APOB;RFFL;EPHB1;RAB11FIP4;WLS;SORT1;PLA2G4E;ZDHHC11;DKK1;HLA-G;SNX20;EHD1;RAP2C;MYO1B;VPS28
148,GO_Cellular_Component_2021,early endosome membrane (GO:0031901),10/97,0.1888703977362996,0.4638662298597499,0,0,1.42352495574674,2.372580823460508,EHD1;PLA2G4E;SYNDIG1;LDLRAD4;EPHB1;DKK1;HLA-G;SNX20;EGFR;WLS
149,GO_Cellular_Component_2021,exocytic vesicle membrane (GO:0099501),5/41,0.1898205981268895,0.4638662298597499,0,0,1.7190758117366696,2.856546800673375,PTPRN2;UNC13A;SLC32A1;SYNDIG1;OTOF
150,GO_Cellular_Component_2021,synaptic vesicle membrane (GO:0030672),5/41,0.1898205981268895,0.4638662298597499,0,0,1.7190758117366696,2.856546800673375,PTPRN2;UNC13A;SLC32A1;SYNDIG1;OTOF
151,GO_Cellular_Component_2021,intrinsic component of endoplasmic reticulum membrane (GO:0031227),12/121,0.1943515404434911,0.4656053683225986,0,0,1.3636548975998517,2.2337849451271925,EXT1;GRAMD1A;STIM1;DHRS9;ELOVL5;AMFR;ACER3;DERL1;RRBP1;ELOVL7;SLC37A3;RTN4
152,GO_Cellular_Component_2021,dendrite cytoplasm (GO:0032839),2/11,0.196841293925001,0.4656053683225986,0,0,2.7490152359717577,4.468132502590955,DLG4;MAP2
153,GO_Cellular_Component_2021,intracellular vesicle (GO:0097708),2/11,0.196841293925001,0.4656053683225986,0,0,2.7490152359717577,4.468132502590955,ITSN1;EGFR
154,GO_Cellular_Component_2021,MLL3/4 complex (GO:0044666),2/11,0.196841293925001,0.4656053683225986,0,0,2.7490152359717577,4.468132502590955,KDM6B;KMT2C
155,GO_Cellular_Component_2021,primary lysosome (GO:0005766),2/11,0.196841293925001,0.4656053683225986,0,0,2.7490152359717577,4.468132502590955,STXBP2;ANXA11
156,GO_Cellular_Component_2021,autophagosome membrane (GO:0000421),3/22,0.2248915794972593,0.5258347535177528,0,0,1.9534982033396744,2.914886678692337,VMP1;WDFY3;GABARAP
157,GO_Cellular_Component_2021,neuron projection cytoplasm (GO:0120111),2/12,0.2251541763029944,0.5258347535177528,0,0,2.473979933110368,3.688629572467661,DLG4;MAP2
158,GO_Cellular_Component_2021,coated vesicle membrane (GO:0030662),6/55,0.2274434562079304,0.5278404738410462,0,0,1.5155422329897754,2.244296195354251,MCFD2;DENND1A;CD59;AREG;HLA-G;FOLR1
159,GO_Cellular_Component_2021,cytoplasmic vesicle lumen (GO:0060205),11/115,0.2419014948902003,0.5578853225905246,0,0,1.3095882078890155,1.8585999073676,EEF1A1;FGR;VCP;PDXK;PKM;GSN;CAB39;ALOX5;CTSH;EPX;ATG7
160,GO_Cellular_Component_2021,clathrin-coated vesicle (GO:0030136),8/80,0.2484774615553334,0.569491821825578,0,0,1.3753451234982463,1.9150348623882896,MYO1E;CEMIP;SORT1;DENND1A;TNK2;CLTC;FCHO2;STON2
161,GO_Cellular_Component_2021,integral component of organelle membrane (GO:0031301),19/214,0.251630697225736,0.5708942684067723,0,0,1.206939384476597,1.66532621667106,PTPRS;SLC32A1;ELOVL5;AMFR;DERL1;RRBP1;ELOVL7;RTN4;EXT1;P2RX5;DHRS9;STIM1;P2RX3;ACER3;MAN1C1;A4GALT;LBR;SLC37A3;WLS
162,GO_Cellular_Component_2021,9+2 motile cilium (GO:0097729),6/57,0.252678166839123,0.5708942684067723,0,0,1.455951394642364,2.0028630369790674,DNAH17;DNAH9;ATP1A1;QRICH2;ATP1B1;TCP11
163,GO_Cellular_Component_2021,integral component of synaptic vesicle membrane (GO:0030285),2/13,0.2537307859585654,0.5708942684067723,0,0,2.248951048951049,3.084394694741642,PTPRS;SLC32A1
164,GO_Cellular_Component_2021,secretory granule lumen (GO:0034774),27/316,0.2636935993129661,0.5868115595260565,0,0,1.1575877409787445,1.543026789114025,APP;VCP;PDXK;CAB39;FAF2;PDGFB;PDGFA;EPX;THBS1;CYB5R3;DPP7;ALOX5;CTSH;ATG7;TGFB2;GSN;JUP;GGH;EEF1A1;FGR;PKM;LCN2;PADI2;MNDA;PTPN6;GAS6;DOCK2
165,GO_Cellular_Component_2021,integral component of endoplasmic reticulum membrane (GO:0030176),13/142,0.2651243251071899,0.5868115595260565,0,0,1.247738147474874,1.6564427777594202,BCAP31;ELOVL5;AMFR;DERL1;RRBP1;ELOVL7;HLA-G;RTN4;EXT1;STIM1;DHRS9;ACER3;SLC37A3
166,GO_Cellular_Component_2021,recycling endosome membrane (GO:0055038),6/58,0.2655759632543399,0.5868115595260565,0,0,1.427874941959449,1.8931542248574669,SCAMP5;RAP2C;EHD1;RAC1;HLA-G;RAB11FIP4
167,GO_Cellular_Component_2021,mRNA cleavage and polyadenylation specificity factor complex (GO:0005847),2/14,0.2823731658188482,0.6130166707943961,0,0,2.0614269788182837,2.606727599049083,FIP1L1;SSU72
168,GO_Cellular_Component_2021,mitotic spindle (GO:0072686),11/120,0.2866387055263409,0.6130166707943961,0,0,1.2491757936458938,1.5608860297177447,DIAPH1;TPX2;NUDCD2;NUMA1;TFDP2;TBL1XR1;SLC34A1;CLTC;TACC3;MAD1L1;CLASP1
169,GO_Cellular_Component_2021,excitatory synapse (GO:0060076),3/25,0.2869656610990554,0.6130166707943961,0,0,1.6868382621394669,2.105836603100028,DLG4;PALLD;SYNDIG1
170,GO_Cellular_Component_2021,brush border membrane (GO:0031526),4/37,0.2990557481596311,0.6130166707943961,0,0,1.4995230266496171,1.810112144828241,SLC34A1;CA4;GNA12;SHANK2
171,GO_Cellular_Component_2021,serine/threonine protein kinase complex (GO:1902554),4/37,0.2990557481596311,0.6130166707943961,0,0,1.4995230266496171,1.810112144828241,CDK6;CAB39;CCND1;ACVR2A
172,GO_Cellular_Component_2021,endoplasmic reticulum-Golgi intermediate compartment membrane (GO:0033116),5/49,0.3037984699619256,0.6130166707943961,0,0,1.4059072629783085,1.6749848735565838,MCFD2;GALNT1;CD59;AREG;FOLR1
173,GO_Cellular_Component_2021,microbody lumen (GO:0031907),5/49,0.3037984699619256,0.6130166707943961,0,0,1.4059072629783085,1.6749848735565838,ACOXL;ABCD3;LONP2;PIPOX;PAOX
174,GO_Cellular_Component_2021,peroxisomal matrix (GO:0005782),5/49,0.3037984699619256,0.6130166707943961,0,0,1.4059072629783085,1.6749848735565838,ACOXL;ABCD3;LONP2;PIPOX;PAOX
175,GO_Cellular_Component_2021,tertiary granule membrane (GO:0070821),7/73,0.3047285279241732,0.6130166707943961,0,0,1.31237543217409,1.559540308894909,CD53;RAP2C;TMEM63A;ADAM10;CD59;ATP11A;KCNAB2
176,GO_Cellular_Component_2021,spindle microtubule (GO:0005876),6/61,0.3051616960349665,0.6130166707943961,0,0,1.3497713554051582,1.6020618327385632,NUMA1;CCDC57;CLTC;BIRC5;CLASP1;PAFAH1B1
177,GO_Cellular_Component_2021,endosome lumen (GO:0031904),3/26,0.307994936616717,0.6130166707943961,0,0,1.6134101623886852,1.900067869018023,AP4M1;APP;APOB
178,GO_Cellular_Component_2021,MLL1 complex (GO:0071339),3/26,0.307994936616717,0.6130166707943961,0,0,1.6134101623886852,1.900067869018023,KANSL1;PHF20;TAF4
179,GO_Cellular_Component_2021,MLL1/2 complex (GO:0044665),3/26,0.307994936616717,0.6130166707943961,0,0,1.6134101623886852,1.900067869018023,KANSL1;PHF20;TAF4
180,GO_Cellular_Component_2021,keratin filament (GO:0045095),2/15,0.3109114798587926,0.6130166707943961,0,0,1.90275276562902,2.222885282486752,FAM83H;EPPK1
181,GO_Cellular_Component_2021,triglyceride-rich plasma lipoprotein particle (GO:0034385),2/15,0.3109114798587926,0.6130166707943961,0,0,1.90275276562902,2.222885282486752,APOC1;APOB
182,GO_Cellular_Component_2021,very-low-density lipoprotein particle (GO:0034361),2/15,0.3109114798587926,0.6130166707943961,0,0,1.90275276562902,2.222885282486752,APOC1;APOB
183,GO_Cellular_Component_2021,neuromuscular junction (GO:0031594),4/38,0.3163841376324292,0.6130166707943961,0,0,1.455340609117056,1.6748033217058451,DLG1;UNC13A;CDK5;DLG4
184,GO_Cellular_Component_2021,specific granule lumen (GO:0035580),6/62,0.3185909083603008,0.6130166707943961,0,0,1.3255964357574015,1.5162800605279108,PDXK;JUP;LCN2;GGH;PTPN6;DOCK2
185,GO_Cellular_Component_2021,alpha DNA polymerase:primase complex (GO:0005658),1/5,0.3222906074095199,0.6130166707943961,0,0,3.0914104278074865,3.500409075586146,PRIM2
186,GO_Cellular_Component_2021,CD95 death-inducing signaling complex (GO:0031265),1/5,0.3222906074095199,0.6130166707943961,0,0,3.0914104278074865,3.500409075586146,FAS
187,GO_Cellular_Component_2021,Cul4B-RING E3 ubiquitin ligase complex (GO:0031465),1/5,0.3222906074095199,0.6130166707943961,0,0,3.0914104278074865,3.500409075586146,CUL4B
188,GO_Cellular_Component_2021,cytoplasmic side of lysosomal membrane (GO:0098574),1/5,0.3222906074095199,0.6130166707943961,0,0,3.0914104278074865,3.500409075586146,EEF1A1
189,GO_Cellular_Component_2021,endoplasmic reticulum tubular network membrane (GO:0098826),1/5,0.3222906074095199,0.6130166707943961,0,0,3.0914104278074865,3.500409075586146,RTN4
190,GO_Cellular_Component_2021,MPP7-DLG1-LIN7 complex (GO:0097025),1/5,0.3222906074095199,0.6130166707943961,0,0,3.0914104278074865,3.500409075586146,DLG1
191,GO_Cellular_Component_2021,neurofibrillary tangle (GO:0097418),1/5,0.3222906074095199,0.6130166707943961,0,0,3.0914104278074865,3.500409075586146,MAPT
192,GO_Cellular_Component_2021,phagocytic vesicle lumen (GO:0097013),1/5,0.3222906074095199,0.6130166707943961,0,0,3.0914104278074865,3.500409075586146,GNLY
193,GO_Cellular_Component_2021,sarcoglycan complex (GO:0016012),1/5,0.3222906074095199,0.6130166707943961,0,0,3.0914104278074865,3.500409075586146,SGCE
194,GO_Cellular_Component_2021,myofibril (GO:0030016),3/27,0.3290726429012532,0.6227066934900638,0,0,1.5461010709504686,1.7184553989187905,TMOD1;OBSCN;TMOD3
195,GO_Cellular_Component_2021,nuclear outer membrane (GO:0005640),2/16,0.3392009167205148,0.6385976442340304,0,0,1.76674629718108,1.9101401482406315,GHRHR;ITPR3
196,GO_Cellular_Component_2021,sperm flagellum (GO:0036126),5/52,0.3491279999135536,0.6539504160817323,0,0,1.3159545947179283,1.3848009465761917,DNAH17;ATP1A1;QRICH2;ATP1B1;TCP11
197,GO_Cellular_Component_2021,spindle (GO:0005819),16/192,0.3648547619197805,0.6586027863125907,0,0,1.124976981155239,1.1342646978920117,NUMA1;CBX3;CCDC57;SLC34A1;CLTC;ANXA11;NEDD9;DIAPH1;TPX2;NUDCD2;TFDP2;TBL1XR1;TACC3;BIRC5;MAD1L1;CLASP1
198,GO_Cellular_Component_2021,endolysosome membrane (GO:0036020),2/17,0.3671188992056499,0.6586027863125907,0,0,1.6488740245261984,1.652286381454477,CLTC;PCSK9
199,GO_Cellular_Component_2021,intrinsic component of synaptic vesicle membrane (GO:0098563),2/17,0.3671188992056499,0.6586027863125907,0,0,1.6488740245261984,1.652286381454477,PTPRS;SLC32A1
200,GO_Cellular_Component_2021,rough endoplasmic reticulum (GO:0005791),3/29,0.3711183863810594,0.6586027863125907,0,0,1.4270157553290084,1.4145067728429563,PKM;CA4;TMCC1
201,GO_Cellular_Component_2021,alveolar lamellar body (GO:0097208),1/6,0.3730297624372126,0.6586027863125907,0,0,2.472994652406417,2.438612782012758,CTSH
202,GO_Cellular_Component_2021,chromocenter (GO:0010369),1/6,0.3730297624372126,0.6586027863125907,0,0,2.472994652406417,2.438612782012758,SALL1
203,GO_Cellular_Component_2021,collagen type IV trimer (GO:0005587),1/6,0.3730297624372126,0.6586027863125907,0,0,2.472994652406417,2.438612782012758,COL4A3
204,GO_Cellular_Component_2021,dystroglycan complex (GO:0016011),1/6,0.3730297624372126,0.6586027863125907,0,0,2.472994652406417,2.438612782012758,SGCE
205,GO_Cellular_Component_2021,nuclear stress granule (GO:0097165),1/6,0.3730297624372126,0.6586027863125907,0,0,2.472994652406417,2.438612782012758,RBFOX1
206,GO_Cellular_Component_2021,platelet dense granule membrane (GO:0031088),1/6,0.3730297624372126,0.6586027863125907,0,0,2.472994652406417,2.438612782012758,LAMP2
207,GO_Cellular_Component_2021,symmetric synapse (GO:0032280),1/6,0.3730297624372126,0.6586027863125907,0,0,2.472994652406417,2.438612782012758,SLC4A8
208,GO_Cellular_Component_2021,uniplex complex (GO:1990246),1/6,0.3730297624372126,0.6586027863125907,0,0,2.472994652406417,2.438612782012758,MCU
209,GO_Cellular_Component_2021,condensed chromosome (GO:0000793),5/54,0.3795651926415865,0.663789365330547,0,0,1.2621053783443672,1.2226379690880629,RAD50;CBX3;CHEK1;NSMCE2;RGS12
210,GO_Cellular_Component_2021,ER to Golgi transport vesicle membrane (GO:0012507),5/54,0.3795651926415865,0.663789365330547,0,0,1.2621053783443672,1.2226379690880629,MCFD2;CD59;AREG;HLA-G;FOLR1
211,GO_Cellular_Component_2021,platelet alpha granule lumen (GO:0031093),6/67,0.386658660620937,0.6730049328732347,0,0,1.2166111422634165,1.1560397100075854,APP;TGFB2;PDGFB;PDGFA;GAS6;THBS1
212,GO_Cellular_Component_2021,cullin-RING ubiquitin ligase complex (GO:0031461),13/157,0.3942963762869488,0.6771794819527496,0,0,1.1168529125486673,1.0394018752115908,FBXW7;FBXO2;KLHL2;FBXL16;FBXO32;SPSB1;KLHL7;ENC1;FBXL2;ZSWIM4;DCAF13;FBXO9;CUL4B
213,GO_Cellular_Component_2021,GABA-ergic synapse (GO:0098982),2/18,0.3945625707854774,0.6771794819527496,0,0,1.5457357859531773,1.437499569046371,ATP2B2;MDGA1
214,GO_Cellular_Component_2021,RNA polymerase III complex (GO:0005666),2/18,0.3945625707854774,0.6771794819527496,0,0,1.5457357859531773,1.437499569046371,CRCP;POLR2E
215,GO_Cellular_Component_2021,ciliary membrane (GO:0060170),3/31,0.4126421750681653,0.6857072931862124,0,0,1.324942627653471,1.1728053825950873,SMO;DRD1;SHANK2
216,GO_Cellular_Component_2021,Golgi stack (GO:0005795),3/31,0.4126421750681653,0.6857072931862124,0,0,1.324942627653471,1.1728053825950873,GOLPH3;LPCAT2;GOLGA7
217,GO_Cellular_Component_2021,autophagosome (GO:0005776),6/69,0.413988485172142,0.6857072931862124,0,0,1.1778608156877777,1.0387756173162963,VMP1;LAMP2;HTT;WDFY3;MAPK15;GABARAP
218,GO_Cellular_Component_2021,plasma membrane raft (GO:0044853),7/82,0.4166203015480832,0.6857072931862124,0,0,1.1543266219239374,1.0107053265146488,HCK;BMPR2;SMO;STIM1;CD8A;CAV2;AKAP6
219,GO_Cellular_Component_2021,activin receptor complex (GO:0048179),1/7,0.4199724885097127,0.6857072931862124,0,0,2.060717468805704,1.7878085627954134,ACVR2A
220,GO_Cellular_Component_2021,cis-Golgi network membrane (GO:0033106),1/7,0.4199724885097127,0.6857072931862124,0,0,2.060717468805704,1.7878085627954134,HLA-G
221,GO_Cellular_Component_2021,integral component of presynaptic membrane (GO:0099056),1/7,0.4199724885097127,0.6857072931862124,0,0,2.060717468805704,1.7878085627954134,LRFN3
222,GO_Cellular_Component_2021,kinetochore microtubule (GO:0005828),1/7,0.4199724885097127,0.6857072931862124,0,0,2.060717468805704,1.7878085627954134,CLASP1
223,GO_Cellular_Component_2021,low-density lipoprotein particle (GO:0034362),1/7,0.4199724885097127,0.6857072931862124,0,0,2.060717468805704,1.7878085627954134,APOB
224,GO_Cellular_Component_2021,multivesicular body lumen (GO:0097486),1/7,0.4199724885097127,0.6857072931862124,0,0,2.060717468805704,1.7878085627954134,CTSH
225,GO_Cellular_Component_2021,Smc5-Smc6 complex (GO:0030915),1/7,0.4199724885097127,0.6857072931862124,0,0,2.060717468805704,1.7878085627954134,NSMCE2
226,GO_Cellular_Component_2021,ficolin-1-rich granule lumen (GO:1904813),10/123,0.4408502805729788,0.712481601473707,0,0,1.0944409067374472,0.8964017819942529,EEF1A1;VCP;PKM;GSN;JUP;CAB39;ALOX5;CTSH;MNDA;ATG7
227,GO_Cellular_Component_2021,coated vesicle (GO:0030135),7/84,0.4415710938034404,0.712481601473707,0,0,1.124222086638194,0.9189573955202583,SORT1;DENND1A;TNK2;CLTC;FCHO2;STON2;CNIH4
228,GO_Cellular_Component_2021,NuA4 histone acetyltransferase complex (GO:0035267),2/20,0.4477008122647498,0.712481601473707,0,0,1.3738387216648087,1.1040581484936025,MORF4L1;EPC2
229,GO_Cellular_Component_2021,nuclear membrane (GO:0031965),16/204,0.4606293997423903,0.712481601473707,0,0,1.0524803539873864,0.8158422124539427,ANKRD17;SMAD3;PHF20;CBX3;ANXA4;TMC8;ITPR3;YBX1;NUP93;GHRHR;XPO1;GRK5;ALOX5;ALOX5AP;TRIM27;LBR
230,GO_Cellular_Component_2021,dendritic spine membrane (GO:0032591),1/8,0.4634026676251752,0.712481601473707,0,0,1.7662337662337662,1.3585144390850268,ATP2B2
231,GO_Cellular_Component_2021,extrinsic component of endosome membrane (GO:0031313),1/8,0.4634026676251752,0.712481601473707,0,0,1.7662337662337662,1.3585144390850268,SNX10
232,GO_Cellular_Component_2021,extrinsic component of external side of plasma membrane (GO:0031232),1/8,0.4634026676251752,0.712481601473707,0,0,1.7662337662337662,1.3585144390850268,PCSK9
233,GO_Cellular_Component_2021,HFE-transferrin receptor complex (GO:1990712),1/8,0.4634026676251752,0.712481601473707,0,0,1.7662337662337662,1.3585144390850268,BMPR1B
234,GO_Cellular_Component_2021,inhibitory synapse (GO:0060077),1/8,0.4634026676251752,0.712481601473707,0,0,1.7662337662337662,1.3585144390850268,IGSF21
235,GO_Cellular_Component_2021,intrinsic component of the cytoplasmic side of the plasma membrane (GO:0031235),1/8,0.4634026676251752,0.712481601473707,0,0,1.7662337662337662,1.3585144390850268,RASA3
236,GO_Cellular_Component_2021,protein serine/threonine phosphatase complex (GO:0008287),1/8,0.4634026676251752,0.712481601473707,0,0,1.7662337662337662,1.3585144390850268,PPP4R4
237,GO_Cellular_Component_2021,"proton-transporting V-type ATPase, V1 domain (GO:0033180)",1/8,0.4634026676251752,0.712481601473707,0,0,1.7662337662337662,1.3585144390850268,ATP6V1G1
238,GO_Cellular_Component_2021,SUMO ligase complex (GO:0106068),1/8,0.4634026676251752,0.712481601473707,0,0,1.7662337662337662,1.3585144390850268,NSMCE2
239,GO_Cellular_Component_2021,"vacuolar proton-transporting V-type ATPase, V1 domain (GO:0000221)",1/8,0.4634026676251752,0.712481601473707,0,0,1.7662337662337662,1.3585144390850268,ATP6V1G1
240,GO_Cellular_Component_2021,caveola (GO:0005901),5/60,0.4699185715166697,0.7195018792101707,0,0,1.1240555690957836,0.8488821025018356,HCK;BMPR2;SMO;CAV2;AKAP6
241,GO_Cellular_Component_2021,endocytic vesicle lumen (GO:0071682),2/21,0.4732690298770562,0.7206103683639702,0,0,1.3014610103854956,0.9736116313803792,GNLY;APOB
242,GO_Cellular_Component_2021,lytic vacuole (GO:0000323),17/219,0.4745482913616389,0.7206103683639702,0,0,1.040664302916778,0.7757027346834476,VPS18;RAMP3;WDR45B;SORT1;CLTC;PCSK9;IFI30;HCK;NEU4;SNX14;LAMP2;PSAP;CTSH;MFSD1;CTSF;RFFL;ITM2C
243,GO_Cellular_Component_2021,organelle outer membrane (GO:0031968),11/142,0.498367392000396,0.74627355415965,0,0,1.0381473909157224,0.7229842587402293,CYB5B;GHRHR;PGRMC1;TIGAR;CYB5R3;OPA1;PDE2A;TOMM34;ITPR3;RAF1;AGPAT4
244,GO_Cellular_Component_2021,H3 histone acetyltransferase complex (GO:0070775),1/9,0.5035829674410647,0.74627355415965,0,0,1.5453709893048129,1.0601350056191967,KAT7
245,GO_Cellular_Component_2021,Hrd1p ubiquitin ligase ERAD-L complex (GO:0000839),1/9,0.5035829674410647,0.74627355415965,0,0,1.5453709893048129,1.0601350056191967,DERL1
246,GO_Cellular_Component_2021,late endosome lumen (GO:0031906),1/9,0.5035829674410647,0.74627355415965,0,0,1.5453709893048129,1.0601350056191967,CTSH
247,GO_Cellular_Component_2021,outer dynein arm (GO:0036157),1/9,0.5035829674410647,0.74627355415965,0,0,1.5453709893048129,1.0601350056191967,DNAH17
248,GO_Cellular_Component_2021,"transferase complex, transferring phosphorus-containing groups (GO:0061695)",1/9,0.5035829674410647,0.74627355415965,0,0,1.5453709893048129,1.0601350056191967,IGF1R
249,GO_Cellular_Component_2021,cilium (GO:0005929),18/237,0.5099236652135769,0.7481625217484897,0,0,1.0160882491872516,0.6843295836857884,DRC7;TTC23;DNAH17;PDE4C;ARL2;DNAH9;GLI3;GLI2;TTLL7;SMO;GALR2;KISS1R;DRD1;CCDC66;TNPO1;SHANK2;PROM2;PAFAH1B1
250,GO_Cellular_Component_2021,Cul3-RING ubiquitin ligase complex (GO:0031463),3/36,0.5118259968563939,0.7481625217484897,0,0,1.1238894973834732,0.752748099832741,KLHL7;ENC1;KLHL2
251,GO_Cellular_Component_2021,nucleolus (GO:0005730),55/733,0.5133207927832286,0.7481625217484897,0,0,1.0027606282653967,0.6686952390195523,MAPKBP1;DOCK4;FMN2;STON2;GLI3;GLI2;SNAPC5;XPO1;SNAPC3;KAT7;TRIM27;MNX1;EMX1;MRPS27;DDX11;EN2;ZBTB33;SDCBP2;RUNX3;ETV4;ETV6;EEF1A1;RBL2;PLSCR1;RARA;WDFY3;DDX5;PRKRIP1;ARL2;DDX21;CLN6;ATXN1;IFI16;VPS51;PODXL;ABL1;POLR2E;CAMTA1;ZNF622;KIAA0319L;DCAF13;SPTBN1;SRPK2;ARFGEF1;STAT1;IQSEC1;POU2F3;VMP1;KLHL7;FGF18;TCEA1;MNDA;PTPN6;GRB2;RGS12
252,GO_Cellular_Component_2021,ficolin-1-rich granule (GO:0101002),14/184,0.5148446860546089,0.7481625217484897,0,0,1.0180556106461465,0.6758769437085633,VCP;PTPRN2;GSN;JUP;CAB39;EEF1A1;DIAPH1;PKM;ALOX5;LAMP2;CTSH;MNDA;RAC1;ATG7
253,GO_Cellular_Component_2021,azurophil granule lumen (GO:0035578),7/90,0.5149953401737571,0.7481625217484897,0,0,1.0426134066467212,0.6918755735535921,VCP;CYB5R3;DPP7;FAF2;PADI2;GGH;MNDA
254,GO_Cellular_Component_2021,recycling endosome (GO:0055037),11/145,0.5268622228066944,0.7608138899981093,0,0,1.014739559269601,0.6502615498025357,SCAMP5;EHD1;RAP2C;APP;VPS51;VPS53;ATP11A;RAC1;CLCN3;HLA-G;RAB11FIP4
255,GO_Cellular_Component_2021,organelle envelope lumen (GO:0031970),5/64,0.5278275226003143,0.7608138899981093,0,0,1.047621211432726,0.6694149839999257,APP;OPA1;ALOX5;ARL2;CHCHD10
256,GO_Cellular_Component_2021,integral component of mitochondrial inner membrane (GO:0031305),4/51,0.5367544906045031,0.7615996985810676,0,0,1.052058542702826,0.6546060548389958,CHCHD3;CHCHD10;SFXN1;MCU
257,GO_Cellular_Component_2021,autolysosome (GO:0044754),1/10,0.5407564255507851,0.7615996985810676,0,0,1.3735888294711824,0.8444636375357171,LAMP2
258,GO_Cellular_Component_2021,clathrin coat of coated pit (GO:0030132),1/10,0.5407564255507851,0.7615996985810676,0,0,1.3735888294711824,0.8444636375357171,EPS15
259,GO_Cellular_Component_2021,"condensed chromosome, centromeric region (GO:0000779)",1/10,0.5407564255507851,0.7615996985810676,0,0,1.3735888294711824,0.8444636375357171,CBX3
260,GO_Cellular_Component_2021,Hrd1p ubiquitin ligase complex (GO:0000836),1/10,0.5407564255507851,0.7615996985810676,0,0,1.3735888294711824,0.8444636375357171,DERL1
261,GO_Cellular_Component_2021,multimeric ribonuclease P complex (GO:0030681),1/10,0.5407564255507851,0.7615996985810676,0,0,1.3735888294711824,0.8444636375357171,RPP25
262,GO_Cellular_Component_2021,COPII-coated ER to Golgi transport vesicle (GO:0030134),6/79,0.5463590212980299,0.766564558399137,0,0,1.015958766296409,0.6141257097942899,MCFD2;CD59;AREG;HLA-G;FOLR1;CNIH4
263,GO_Cellular_Component_2021,nuclear lumen (GO:0031981),55/745,0.5639921199751232,0.7745605142118703,0,0,0.9846579830750368,0.5639283960452152,MAPKBP1;DOCK4;FMN2;STON2;GLI3;GLI2;SNAPC5;XPO1;SNAPC3;KAT7;TRIM27;MNX1;EMX1;MRPS27;DDX11;EN2;ZBTB33;SDCBP2;RUNX3;ETV4;ETV6;EEF1A1;RBL2;PLSCR1;RARA;BIRC5;WDFY3;DDX5;PRKRIP1;ARL2;DDX21;CLN6;ATXN1;IFI16;VPS51;PODXL;ABL1;CAMTA1;ZNF622;KIAA0319L;DCAF13;SPTBN1;SRPK2;ARFGEF1;STAT1;IQSEC1;POU2F3;VMP1;KLHL7;FGF18;TCEA1;MNDA;PTPN6;GRB2;RGS12
264,GO_Cellular_Component_2021,endolysosome (GO:0036019),2/25,0.567942297436346,0.7745605142118703,0,0,1.074887305511124,0.6081018582572912,CLTC;PCSK9
265,GO_Cellular_Component_2021,sodium channel complex (GO:0034706),2/25,0.567942297436346,0.7745605142118703,0,0,1.074887305511124,0.6081018582572912,SCN4A;TRPM4
266,GO_Cellular_Component_2021,Golgi medial cisterna (GO:0005797),1/11,0.5751479157020392,0.7745605142118703,0,0,1.236163101604278,0.6837564569057271,ST3GAL1
267,GO_Cellular_Component_2021,Golgi trans cisterna (GO:0000138),1/11,0.5751479157020392,0.7745605142118703,0,0,1.236163101604278,0.6837564569057271,ST3GAL1
268,GO_Cellular_Component_2021,integral component of postsynaptic density membrane (GO:0099061),1/11,0.5751479157020392,0.7745605142118703,0,0,1.236163101604278,0.6837564569057271,PTPRS
269,GO_Cellular_Component_2021,intrinsic component of postsynaptic density membrane (GO:0099146),1/11,0.5751479157020392,0.7745605142118703,0,0,1.236163101604278,0.6837564569057271,PTPRS
270,GO_Cellular_Component_2021,microfibril (GO:0001527),1/11,0.5751479157020392,0.7745605142118703,0,0,1.236163101604278,0.6837564569057271,LTBP1
271,GO_Cellular_Component_2021,microvillus membrane (GO:0031528),1/11,0.5751479157020392,0.7745605142118703,0,0,1.236163101604278,0.6837564569057271,PODXL
272,GO_Cellular_Component_2021,nuclear inclusion body (GO:0042405),1/11,0.5751479157020392,0.7745605142118703,0,0,1.236163101604278,0.6837564569057271,ATXN1
273,GO_Cellular_Component_2021,post-mRNA release spliceosomal complex (GO:0071014),1/11,0.5751479157020392,0.7745605142118703,0,0,1.236163101604278,0.6837564569057271,CRNKL1
274,GO_Cellular_Component_2021,tertiary granule lumen (GO:1904724),4/55,0.5975414720812161,0.797319086788943,0,0,0.9693340162588812,0.4991407045313543,CTSH;GGH;PTPN6;GOLGA7
275,GO_Cellular_Component_2021,clathrin vesicle coat (GO:0030125),1/12,0.606965504346635,0.797319086788943,0,0,1.1237238697131746,0.5610565836239555,CLINT1
276,GO_Cellular_Component_2021,filopodium membrane (GO:0031527),1/12,0.606965504346635,0.797319086788943,0,0,1.1237238697131746,0.5610565836239555,UTRN
277,GO_Cellular_Component_2021,integral component of vacuolar membrane (GO:0031166),1/12,0.606965504346635,0.797319086788943,0,0,1.1237238697131746,0.5610565836239555,LAMP2
278,GO_Cellular_Component_2021,NADPH oxidase complex (GO:0043020),1/12,0.606965504346635,0.797319086788943,0,0,1.1237238697131746,0.5610565836239555,NOXO1
279,GO_Cellular_Component_2021,T cell receptor complex (GO:0042101),1/12,0.606965504346635,0.797319086788943,0,0,1.1237238697131746,0.5610565836239555,CD8A
280,GO_Cellular_Component_2021,mitochondrial outer membrane (GO:0005741),9/126,0.607172529505943,0.797319086788943,0,0,0.950475599669148,0.4742324772169823,CYB5B;PGRMC1;TIGAR;CYB5R3;OPA1;PDE2A;TOMM34;RAF1;AGPAT4
281,GO_Cellular_Component_2021,integral component of lumenal side of endoplasmic reticulum membrane (GO:0071556),2/28,0.6304711838256578,0.8153896858404236,0,0,0.9507074864934396,0.4385497918008248,BCAP31;HLA-G
282,GO_Cellular_Component_2021,lumenal side of endoplasmic reticulum membrane (GO:0098553),2/28,0.6304711838256578,0.8153896858404236,0,0,0.9507074864934396,0.4385497918008248,BCAP31;HLA-G
283,GO_Cellular_Component_2021,lamellar body (GO:0042599),1/13,0.636401706021794,0.8153896858404236,0,0,1.0300245098039216,0.4654941374379435,CTSH
284,GO_Cellular_Component_2021,MIB complex (GO:0140275),1/13,0.636401706021794,0.8153896858404236,0,0,1.0300245098039216,0.4654941374379435,CHCHD3
285,GO_Cellular_Component_2021,mitotic spindle microtubule (GO:1990498),1/13,0.636401706021794,0.8153896858404236,0,0,1.0300245098039216,0.4654941374379435,CLTC
286,GO_Cellular_Component_2021,RNA polymerase I complex (GO:0005736),1/13,0.636401706021794,0.8153896858404236,0,0,1.0300245098039216,0.4654941374379435,POLR2E
287,GO_Cellular_Component_2021,SAM complex (GO:0001401),1/13,0.636401706021794,0.8153896858404236,0,0,1.0300245098039216,0.4654941374379435,CHCHD3
288,GO_Cellular_Component_2021,pericentric heterochromatin (GO:0005721),1/14,0.6636346450780561,0.8413834878472205,0,0,0.9507404360345536,0.3898259347279667,CBX3
289,GO_Cellular_Component_2021,transcription factor TFTC complex (GO:0033276),1/14,0.6636346450780561,0.8413834878472205,0,0,0.9507404360345536,0.3898259347279667,TAF4
290,GO_Cellular_Component_2021,vacuolar membrane (GO:0005774),3/45,0.6647926076503862,0.8413834878472205,0,0,0.882625741059476,0.3603585745099055,VMP1;ATP6V1G1;GABARAP
291,GO_Cellular_Component_2021,intrinsic component of Golgi membrane (GO:0031228),4/60,0.6663861617914106,0.8413834878472205,0,0,0.8825471246770644,0.3582134816179511,ACER3;MAN1C1;A4GALT;GOLGA7
292,GO_Cellular_Component_2021,cyclin-dependent protein kinase holoenzyme complex (GO:0000307),2/30,0.6680904117594461,0.8413834878472205,0,0,0.8827042522694697,0.3560226663877706,CDK6;CCND1
293,GO_Cellular_Component_2021,platelet alpha granule (GO:0031091),6/90,0.6742109186085098,0.8444450142671448,0,0,0.8823895755485293,0.3478488076632408,APP;TGFB2;PDGFB;PDGFA;GAS6;THBS1
294,GO_Cellular_Component_2021,ficolin-1-rich granule membrane (GO:0101003),4/61,0.6791410389218961,0.8444450142671448,0,0,0.8670168388150551,0.3354717539054252,DIAPH1;PTPRN2;LAMP2;RAC1
295,GO_Cellular_Component_2021,transcription factor TFIID complex (GO:0005669),2/31,0.6857075139786234,0.8444450142671448,0,0,0.8522200438242418,0.3215461222941637,TCEA1;TAF4
296,GO_Cellular_Component_2021,germ plasm (GO:0060293),1/15,0.6888291308791615,0.8444450142671448,0,0,0.8827826585179527,0.3290678598508785,MOV10
297,GO_Cellular_Component_2021,integral component of postsynaptic specialization membrane (GO:0099060),1/15,0.6888291308791615,0.8444450142671448,0,0,0.8827826585179527,0.3290678598508785,PTPRS
298,GO_Cellular_Component_2021,muscle myosin complex (GO:0005859),1/15,0.6888291308791615,0.8444450142671448,0,0,0.8827826585179527,0.3290678598508785,MYL5
299,GO_Cellular_Component_2021,proton-transporting V-type ATPase complex (GO:0033176),1/15,0.6888291308791615,0.8444450142671448,0,0,0.8827826585179527,0.3290678598508785,ATP6V1G1
300,GO_Cellular_Component_2021,"RNA polymerase II, core complex (GO:0005665)",1/15,0.6888291308791615,0.8444450142671448,0,0,0.8827826585179527,0.3290678598508785,POLR2E
301,GO_Cellular_Component_2021,Golgi-associated vesicle (GO:0005798),3/47,0.6936054527378293,0.8474848081465529,0,0,0.8424151150054765,0.3081992479532729,APP;GJA1;ADAM10
302,GO_Cellular_Component_2021,spliceosomal tri-snRNP complex (GO:0097526),2/32,0.7025489647452661,0.8527650262861948,0,0,0.823768115942029,0.2908232435170781,PRPF18;ZMAT2
303,GO_Cellular_Component_2021,U4/U6 x U5 tri-snRNP complex (GO:0046540),2/32,0.7025489647452661,0.8527650262861948,0,0,0.823768115942029,0.2908232435170781,PRPF18;ZMAT2
304,GO_Cellular_Component_2021,acrosomal vesicle (GO:0001669),3/48,0.7072932763941004,0.8557089147194199,0,0,0.8236501561802767,0.2852381875744673,CXADR;TCP11;DPEP3
305,GO_Cellular_Component_2021,secondary lysosome (GO:0005767),1/16,0.7121376519455745,0.8587542273461339,0,0,0.823885918003565,0.2796961321958159,LAMP2
306,GO_Cellular_Component_2021,P-body (GO:0000932),5/80,0.7242527575262949,0.8705187867335598,0,0,0.823413762287757,0.2656454949885764,MOV10;CNOT3;RC3H1;UBAP2;PUM1
307,GO_Cellular_Component_2021,desmosome (GO:0030057),1/17,0.7337012970830216,0.870858973907524,0,0,0.7723512700534759,0.239161108253461,JUP
308,GO_Cellular_Component_2021,U5 snRNP (GO:0005682),1/17,0.7337012970830216,0.870858973907524,0,0,0.7723512700534759,0.239161108253461,PRPF18
309,GO_Cellular_Component_2021,voltage-gated sodium channel complex (GO:0001518),1/17,0.7337012970830216,0.870858973907524,0,0,0.7723512700534759,0.239161108253461,SCN4A
310,GO_Cellular_Component_2021,Cul4-RING E3 ubiquitin ligase complex (GO:0080008),2/34,0.7339759915589159,0.870858973907524,0,0,0.7721989966555184,0.2388249025603399,DCAF13;CUL4B
311,GO_Cellular_Component_2021,motile cilium (GO:0031514),4/68,0.7587880967947092,0.890335147581332,0,0,0.7718938379102478,0.213067961747097,DRC7;DNAH17;DNAH9;PAFAH1B1
312,GO_Cellular_Component_2021,late endosome (GO:0005770),12/189,0.7633590368720294,0.890335147581332,0,0,0.8366603892027621,0.2259207266718514,SCARB2;BST2;VPS18;MAP2K1;SLC30A2;SNX14;LAMP2;MAGI2;PSAP;PCSK9;HTT;CLCN3
313,GO_Cellular_Component_2021,Cul2-RING ubiquitin ligase complex (GO:0031462),1/19,0.7721063610461416,0.890335147581332,0,0,0.6864601901366607,0.1775412343785282,ZSWIM4
314,GO_Cellular_Component_2021,cytoplasmic dynein complex (GO:0005868),1/19,0.7721063610461416,0.890335147581332,0,0,0.6864601901366607,0.1775412343785282,NUDCD3
315,GO_Cellular_Component_2021,H4/H2A histone acetyltransferase complex (GO:0043189),1/19,0.7721063610461416,0.890335147581332,0,0,0.6864601901366607,0.1775412343785282,MORF4L1
316,GO_Cellular_Component_2021,high-density lipoprotein particle (GO:0034364),1/19,0.7721063610461416,0.890335147581332,0,0,0.6864601901366607,0.1775412343785282,APOC1
317,GO_Cellular_Component_2021,P granule (GO:0043186),1/19,0.7721063610461416,0.890335147581332,0,0,0.6864601901366607,0.1775412343785282,MOV10
318,GO_Cellular_Component_2021,supramolecular fiber (GO:0099512),1/19,0.7721063610461416,0.890335147581332,0,0,0.6864601901366607,0.1775412343785282,LTBP1
319,GO_Cellular_Component_2021,vacuolar proton-transporting V-type ATPase complex (GO:0016471),1/19,0.7721063610461416,0.890335147581332,0,0,0.6864601901366607,0.1775412343785282,ATP6V1G1
320,GO_Cellular_Component_2021,cytoplasmic side of plasma membrane (GO:0009898),3/55,0.7901788451368457,0.9055155088680004,0,0,0.7125038616002471,0.1677917900778533,DLG1;RASA3;JUP
321,GO_Cellular_Component_2021,integral component of Golgi membrane (GO:0030173),3/55,0.7901788451368457,0.9055155088680004,0,0,0.7125038616002471,0.1677917900778533,ACER3;MAN1C1;A4GALT
322,GO_Cellular_Component_2021,intrinsic component of mitochondrial inner membrane (GO:0031304),2/39,0.8003557625425708,0.911153641309328,0,0,0.6676669981017808,0.1486887374153376,SFXN1;MCU
323,GO_Cellular_Component_2021,connexin complex (GO:0005922),1/21,0.8049758457095961,0.911153641309328,0,0,0.6177473262032086,0.1340159627248911,GJA1
324,GO_Cellular_Component_2021,mitochondrial outer membrane translocase complex (GO:0005742),1/21,0.8049758457095961,0.911153641309328,0,0,0.6177473262032086,0.1340159627248911,CHCHD3
325,GO_Cellular_Component_2021,platelet dense granule (GO:0042827),1/21,0.8049758457095961,0.911153641309328,0,0,0.6177473262032086,0.1340159627248911,LAMP2
326,GO_Cellular_Component_2021,mitochondrial intermembrane space (GO:0005758),3/58,0.8192210286261379,0.9220372100208216,0,0,0.6735304855786783,0.134302891671513,OPA1;ARL2;CHCHD10
327,GO_Cellular_Component_2021,integral component of mitochondrial outer membrane (GO:0031307),1/22,0.8195886311296193,0.9220372100208216,0,0,0.5882989559460148,0.1170436856689981,SPIRE1
328,GO_Cellular_Component_2021,mitochondrial respiratory chain complex I (GO:0005747),2/42,0.8327355585123771,0.923172814439694,0,0,0.6174916387959867,0.1130251409820103,NDUFC1;NDUFV2
329,GO_Cellular_Component_2021,respiratory chain complex I (GO:0045271),2/42,0.8327355585123771,0.923172814439694,0,0,0.6174916387959867,0.1130251409820103,NDUFC1;NDUFV2
330,GO_Cellular_Component_2021,intrinsic component of mitochondrial outer membrane (GO:0031306),1/23,0.8331071740065532,0.923172814439694,0,0,0.5615277102576568,0.1025310206747177,SPIRE1
331,GO_Cellular_Component_2021,mitochondrial ribosome (GO:0005761),1/23,0.8331071740065532,0.923172814439694,0,0,0.5615277102576568,0.1025310206747177,MRPS22
332,GO_Cellular_Component_2021,"preribosome, large subunit precursor (GO:0030687)",1/23,0.8331071740065532,0.923172814439694,0,0,0.5615277102576568,0.1025310206747177,ZNF622
333,GO_Cellular_Component_2021,gap junction (GO:0005921),1/24,0.8456133629344152,0.928664675365474,0,0,0.5370843989769821,0.0900653164863536,GJA1
334,GO_Cellular_Component_2021,Golgi-associated vesicle membrane (GO:0030660),1/24,0.8456133629344152,0.928664675365474,0,0,0.5370843989769821,0.0900653164863536,GJA1
335,GO_Cellular_Component_2021,pigment granule (GO:0048770),1/24,0.8456133629344152,0.928664675365474,0,0,0.5370843989769821,0.0900653164863536,SYTL2
336,GO_Cellular_Component_2021,peroxisome (GO:0005777),7/128,0.852175526912426,0.9330942713076712,0,0,0.7137056963780576,0.114166330071799,ACOXL;ABCD3;MVK;LONP2;PIPOX;CCDC33;PAOX
337,GO_Cellular_Component_2021,Golgi cis cisterna (GO:0000137),1/25,0.8571829625365751,0.9358003348402254,0,0,0.5146780303030303,0.0793138872341826,XYLT1
338,GO_Cellular_Component_2021,Golgi cisterna membrane (GO:0032580),1/26,0.8678860703630057,0.9443253722742848,0,0,0.4940641711229946,0.0700063378859223,ST3GAL1
339,GO_Cellular_Component_2021,multivesicular body (GO:0005771),2/47,0.8762899582568744,0.9443253722742848,0,0,0.5487328130806391,0.0724646896566454,BST2;CTSH
340,GO_Cellular_Component_2021,nuclear chromosome (GO:0000228),4/83,0.8771191876881814,0.9443253722742848,0,0,0.6248230137265043,0.0819220398942533,RAD50;CHEK1;BIRC5;RGS12
341,GO_Cellular_Component_2021,phagocytic vesicle (GO:0045335),5/100,0.8772408388301445,0.9443253722742848,0,0,0.6493579793988994,0.0850488221398161,ITGB5;GNLY;ANXA11;CLCN3;HLA-G
342,GO_Cellular_Component_2021,SAGA-type complex (GO:0070461),1/27,0.8777875411655276,0.9443253722742848,0,0,0.4750359934183463,0.0619212719292914,TAF4
343,GO_Cellular_Component_2021,integral component of mitochondrial membrane (GO:0032592),3/66,0.880398699758564,0.9443811634038084,0,0,0.5877478166634793,0.0748675556336951,SPIRE1;SFXN1;MCU
344,GO_Cellular_Component_2021,melanosome (GO:0042470),1/28,0.8869473781961705,0.945906307960656,0,0,0.4574173103584868,0.0548761827478767,SYTL2
345,GO_Cellular_Component_2021,U12-type spliceosomal complex (GO:0005689),1/28,0.8869473781961705,0.945906307960656,0,0,0.4574173103584868,0.0548761827478767,YBX1
346,GO_Cellular_Component_2021,polysomal ribosome (GO:0042788),1/30,0.9032600577615492,0.9577671302126772,0,0,0.4258251890097732,0.0433254875919622,LARP1
347,GO_Cellular_Component_2021,U2-type catalytic step 2 spliceosome (GO:0071007),1/30,0.9032600577615492,0.9577671302126772,0,0,0.4258251890097732,0.0433254875919622,CRNKL1
348,GO_Cellular_Component_2021,organelle inner membrane (GO:0019866),20/346,0.9104635608327742,0.9626391230581482,0,0,0.7550124402390852,0.0708212251701891,MRPS27;SMAD3;CBX3;MRPS22;PDE2A;UQCR11;NDUFC1;CRLS1;PRODH2;GHRHR;NEU4;CHCHD3;CYP24A1;OPA1;CYP11A1;CYP1A1;NDUFV2;LBR;MCU;COX20
349,GO_Cellular_Component_2021,Golgi cisterna (GO:0031985),2/53,0.9146680635167724,0.962970233254864,0,0,0.4840186241720768,0.0431715821577484,GOLPH3;XYLT1
350,GO_Cellular_Component_2021,non-motile cilium (GO:0097730),1/32,0.917220232127555,0.962970233254864,0,0,0.3983094704157323,0.0344169931436767,DRD1
351,GO_Cellular_Component_2021,chromosome (GO:0005694),8/160,0.9186057509639894,0.962970233254864,0,0,0.6486515146159556,0.0550693762033384,RBL2;MYCL;EMX1;UVSSA;BIRC5;DDX21;KAT7;ETV4
352,GO_Cellular_Component_2021,cis-Golgi network (GO:0005801),2/57,0.9337070515482996,0.9760280510519052,0,0,0.4487199756764974,0.0307788425471762,TRAPPC6A;HLA-G
353,GO_Cellular_Component_2021,vesicle coat (GO:0030120),1/36,0.9393904940698294,0.979195176021941,0,0,0.3527119938884644,0.0220529733794739,CLINT1
354,GO_Cellular_Component_2021,small-subunit processome (GO:0032040),1/37,0.943935144413081,0.9811607557420476,0,0,0.3428958704693999,0.0197843435783991,DCAF13
355,GO_Cellular_Component_2021,ribosome (GO:0005840),2/62,0.951876351293275,0.9866358809753328,0,0,0.4112151616499442,0.0202811875833593,LARP1;RRBP1
356,GO_Cellular_Component_2021,cornified envelope (GO:0001533),1/43,0.9648798627855052,0.990628179950878,0,0,0.2938152533740769,0.0105043888930772,JUP
357,GO_Cellular_Component_2021,U2-type spliceosomal complex (GO:0005684),3/89,0.9669854653489616,0.990628179950878,0,0,0.4300224152423648,0.0144366326713833,PRPF18;ZMAT2;CRNKL1
358,GO_Cellular_Component_2021,late endosome membrane (GO:0031902),2/68,0.9674314611057206,0.990628179950878,0,0,0.3737103476233911,0.0123738103930963,SCARB2;LAMP2
359,GO_Cellular_Component_2021,phagocytic vesicle membrane (GO:0030670),1/45,0.9699508670913358,0.990628179950878,0,0,0.2804296305298979,0.0085558691180656,HLA-G
360,GO_Cellular_Component_2021,U2-type precatalytic spliceosome (GO:0071005),1/50,0.979653267230637,0.990628179950878,0,0,0.2517461530066572,0.0051750396497527,ZMAT2
361,GO_Cellular_Component_2021,mitochondrial matrix (GO:0005759),17/348,0.9803449542761812,0.990628179950878,0,0,0.6306115783457173,0.0125181286131366,ACOT9;GCDH;MRPS22;MCCC1;PDE2A;ARL2;NR3C1;PDP1;GLUD1;PPA2;POLG2;TST;PDE12;CYP11A1;ETHE1;NT5M;ACSS1
362,GO_Cellular_Component_2021,spliceosomal snRNP complex (GO:0097525),1/51,0.9811798600906472,0.990628179950878,0,0,0.2466978609625668,0.0046871341844713,PRPF18
363,GO_Cellular_Component_2021,microbody membrane (GO:0031903),1/52,0.9825919703805042,0.990628179950878,0,0,0.2418475411554996,0.0042471647435221,ABCD3
364,GO_Cellular_Component_2021,precatalytic spliceosome (GO:0071011),1/52,0.9825919703805042,0.990628179950878,0,0,0.2418475411554996,0.0042471647435221,ZMAT2
365,GO_Cellular_Component_2021,peroxisomal membrane (GO:0005778),1/53,0.983898177967068,0.990628179950878,0,0,0.2371837721102427,0.0038501721433243,ABCD3
366,GO_Cellular_Component_2021,mitochondrial envelope (GO:0005740),4/127,0.9879020346280066,0.990628179950878,0,0,0.4003506880346767,0.0048729650381792,OPA1;ARL2;CHCHD10;DNM1
367,GO_Cellular_Component_2021,mitochondrial inner membrane (GO:0005743),15/328,0.9879435507369188,0.990628179950878,0,0,0.5882086637089159,0.007134805067829,MRPS27;MRPS22;PDE2A;UQCR11;NDUFC1;CRLS1;PRODH2;CHCHD3;CYP24A1;OPA1;CYP11A1;CYP1A1;NDUFV2;MCU;COX20
368,GO_Cellular_Component_2021,mitochondrial membrane (GO:0031966),23/469,0.9907442679359132,0.9907442679359132,0,0,0.6317439504475179,0.0058744811838091,CYB5B;TIGAR;MRPS27;MRPS22;PDE2A;TOMM34;NDUFC1;UQCR11;CRLS1;PRODH2;DNM1;AGPAT4;PGRMC1;CYB5R3;CHCHD3;CYP24A1;OPA1;CYP11A1;CYP1A1;RAF1;NDUFV2;MCU;COX20
